3.439149724171502347e-04,-2.896801009056859666e-02,-1.552228852954953310e-02,-1.246359559765099212e-02,1.042761575958339910e-02,-1.431081657835404572e-02,9.259480302895726350e-03,-1.491046959054524376e-02,-9.046988668772893566e-03,6.878299448343004694e-04
2.011752253286129555e-02,-4.789469972309630397e-02,4.235323986649660449e-02,5.780948556752723080e-03,2.480769574517106141e-02,9.638116547553381500e-03,5.135806708390228126e-02,2.241166234377300719e-03,-8.092672989828107732e-02,4.023504506572259110e-02
7.356350043400020078e-02,-1.335374806907772133e-02,-5.055468611214155444e-02,9.819446440640958954e-04,6.152231871630576415e-02,1.085709049988697883e-02,-4.753194422296193322e-02,5.324764770407221237e-02,-1.992761893204948731e-02,1.471270008680004016e-01
-3.618576145200968347e-02,-2.283485086521058402e-02,8.597236972854623016e-02,-2.151732675508664233e-02,-1.118432158152705275e-02,5.889659522846437366e-03,-6.676253507528273623e-02,5.263673567429921589e-04,2.567593507442222575e-02,-7.237152290401936694e-02
1.726007046342666789e-03,-2.307081012457664476e-02,-1.042033258304105254e-03,-1.825740010924144143e-03,2.936239838924006515e-02,5.248611025573276384e-02,5.715825477616989780e-02,7.855202108270599448e-03,2.686773637718986932e-02,3.452014092685333577e-03
1.319220749496719143e-02,1.355733325195353049e-02,-3.471161984113442511e-02,2.981089286932784785e-02,-1.272872357772600327e-02,3.581299973019535371e-02,3.089478156187954253e-02,-4.583456704024182343e-02,4.526612036879109485e-02,2.638441498993438286e-02
6.213681086347509763e-02,6.513688853425889103e-02,1.000025677241827768e-02,2.984593549453834829e-02,2.328796758025053135e-02,-1.505397807302502264e-02,-2.551382374978558229e-02,4.328435583755736032e-02,-3.859962747490058160e-02,1.242736217269501953e-01
-1.836259490494621463e-02,-1.017520320272288920e-01,4.610199478908479087e-02,-4.648614311060834774e-03,-2.579311547306760780e-02,2.726790022778863287e-02,-1.299390835965810904e-02,-2.997803396633694911e-02,1.052622018446477264e-01,-3.672518980989242926e-02
-3.161107867243784925e-02,3.979511641209514117e-02,1.499781962240492351e-02,-3.872134913396910877e-02,8.217300608314897017e-03,-8.084243409566251037e-02,6.003511124906599217e-02,-1.012713974684659179e-02,4.257130817850675319e-02,-6.322215734487569849e-02
-4.144759819734889633e-02,-4.911449315483157330e-02,-2.507746024395982130e-03,8.146194141690796253e-02,-1.651834093635122513e-02,1.426996492667598725e-02,-5.105978867151267191e-03,1.460257393393742283e-02,-9.463983485456711753e-03,-8.289519639469779266e-02
7.767248691963589760e-03,4.572581021389213185e-02,-3.741338829484259360e-02,3.115458354981689212e-03,1.253414529907642856e-02,-3.097676291736541423e-02,1.436893163604403140e-02,-2.431150524171920776e-02,-2.886123093967325748e-02,1.553449738392717952e-02
-7.018847219916693296e-03,-4.550714741047207773e-02,-2.723317234111230500e-02,4.990578390062016395e-02,4.148210631912642443e-02,2.257430597329061414e-02,4.542470365387946823e-02,-5.817745647581080808e-03,-1.267533962295865763e-03,-1.403769443983338659e-02
-2.288209569728516524e-02,3.226247603712557172e-02,2.444051238793093841e-02,1.390256001808196432e-02,4.254708885699033660e-02,-3.443981078295998283e-02,-1.489887679688282722e-02,4.630925328102308489e-03,3.369952066252879241e-02,-4.576419139457033047e-02
7.815068980289534284e-02,-2.561389043867712961e-02,9.092614941155313657e-02,-2.771662896342451735e-02,5.905451388831529230e-02,-5.639619975305893568e-02,2.736007652851649846e-02,4.004843859699690201e-02,-2.391370602665655529e-02,1.563013796057906857e-01
-5.894391084621836141e-02,6.073862535079329467e-02,-3.131258901320045640e-02,5.352206195669740457e-02,2.044048040278113529e-02,1.218076492180241027e-01,6.001271199643148924e-02,1.330420454036397061e-02,-6.132523399465914654e-02,-1.178878216924367228e-01
-4.165960897295855475e-02,-1.069654216712811849e-02,3.145863916176382634e-03,2.227792423889479734e-02,-2.437118654484445035e-02,1.300163581369753393e-02,-4.606029545841892892e-02,-3.002931851180574291e-02,-2.217488259592915664e-02,-8.331921794591710950e-02
1.409650506258787808e-02,7.131861463927204048e-02,-5.517060504249589326e-02,-1.044528390516581522e-02,6.691310984367518366e-02,-1.167403126293012176e-02,2.825053644684364165e-02,2.976527261239490796e-02,-3.490589375621648560e-02,2.819301012517575616e-02
-1.075412393294092328e-02,-8.239449566607166819e-03,-1.782643493003654165e-03,1.790653506433874040e-02,2.874960805473849440e-02,-8.201148263901320012e-02,5.480746800528182167e-02,6.346097253020768596e-03,-2.852659735902863744e-02,-2.150824786588184656e-02
2.584263204023098948e-02,-4.222342767677977090e-04,-1.170491945623746387e-02,2.732670965944054495e-02,-4.612074761294712028e-02,-2.624137345355486220e-02,-1.695226696017658116e-02,-1.636205193464044735e-02,1.764347268624253361e-03,5.168526408046197895e-02
3.596391472757433372e-02,-8.050377759659738119e-02,1.807305627385615010e-02,1.592641971951874735e-02,-6.190671297320289590e-02,1.315375511047600426e-03,4.504806009742541584e-02,-1.221438684894855971e-02,7.884177716434778715e-03,7.192782945514866744e-02
-3.551034399449345957e-02,7.050101169903839719e-03,-6.267764023960890017e-03,-1.635665066760856948e-02,4.176252291454492921e-02,-2.009761386289528676e-02,9.615696559195800741e-03,9.654756622578843095e-03,-2.589958366775935855e-02,-7.102068798898691915e-02
4.873699417582490721e-03,2.016715036527881241e-02,2.153010893377393584e-02,-4.132775657496785826e-02,2.854631536533822761e-02,-1.488892324082067078e-02,-4.206738185435156263e-02,-9.219278900470853286e-03,-5.324371910566810112e-02,9.747398835164981443e-03
-7.490499015927794269e-02,-7.964803419682862581e-03,5.914549122204323245e-02,1.524489153645777403e-02,1.094866636618370241e-02,-7.159947345566053389e-02,2.243489132932205421e-02,-2.275491842172318660e-02,1.624263071595092450e-02,-1.498099803185558854e-01
-5.373449144362373378e-03,3.336775066329846938e-05,-2.211331730558706993e-02,-2.579705074726007172e-02,-1.495517387250091049e-02,7.836064972001111767e-03,2.338214266596213772e-02,3.260318102697258580e-02,-7.332568618335250088e-02,-1.074689828872474676e-02
1.428342450032941274e-02,-1.063170981547967991e-02,-2.745610878079467534e-02,-1.067046114297378126e-02,1.087837553148379537e-02,4.013735004006867280e-02,-5.595951495154240923e-02,-1.748839046581307955e-04,3.867480796434633050e-02,2.856684900065882549e-02
-2.757403842083447354e-02,1.939852754320712386e-02,-1.230639143785227860e-02,-3.222470907398435318e-03,-4.267621545863213572e-02,2.847207131826498885e-02,1.717641915217792484e-02,-8.265504021380327970e-03,-2.074844984084281072e-02,-5.514807684166894708e-02
2.882696974598297074e-02,5.188353124480284129e-02,4.127057567049116638e-02,7.912168679391916662e-03,3.650422579273844559e-02,-3.347224882866142726e-02,-2.457536015992356493e-03,1.580860309732949609e-02,1.159784260706055344e-02,5.765393949196594148e-02
1.046625904222017907e-02,5.613675407454513100e-02,6.984571968222630378e-02,-3.180087991987737978e-02,-1.362031630224897621e-02,2.518886789171614904e-02,3.492277312405114159e-03,1.968903508778029748e-02,8.758651266793995860e-03,2.093251808444035814e-02
-2.274985994204584692e-04,6.813827973943443637e-04,-2.186287037211170209e-02,-8.196245217227796087e-02,-1.238144929055940043e-02,-2.955339748117357876e-02,-3.456511534104509103e-03,-2.120907465750200213e-02,7.417372540866968601e-03,-4.549971988409169383e-04
1.962495307988964405e-02,-7.581637898227318317e-02,-6.885170708688884145e-02,-2.308158241056681298e-02,-4.328911977692696811e-02,-2.561691935364168379e-02,-3.581644816249607982e-02,1.403202418332504496e-02,1.660828087235606369e-03,3.924990615977928810e-02
2.651710695309672516e-02,5.973330084298533738e-02,-1.760700569032831730e-02,-3.088750721554664111e-02,-4.441757190043513215e-02,4.000675356390030746e-02,-3.817232507354031967e-02,5.794746343631392710e-02,3.658294553967588597e-02,5.303421390619345033e-02
-7.948015684427779670e-02,7.843524345035683340e-03,6.381591651168090629e-02,-1.968575253676558418e-02,-4.039280822215997671e-03,-2.437675233200520958e-02,8.275906866699309083e-03,-4.382923596044077316e-04,-3.434413503617418650e-02,-1.589603136885555934e-01
1.888461542911300597e-02,2.843498898328403884e-02,-7.063669097907960236e-03,2.581444809959230341e-03,-5.791089094177839097e-02,3.427503423661582699e-02,9.955727240945322007e-03,2.820801410965135397e-02,3.971173217772988595e-02,3.776923085822601195e-02
-6.617640053382486953e-02,-3.300024621814001691e-02,-6.839313613639017020e-02,3.752933458590364257e-02,3.791110907616442038e-02,-1.378633076261201636e-02,3.266360605790333965e-02,-2.035421726820815271e-03,5.069719157008809041e-02,-1.323528010676497391e-01
1.963797328301156858e-02,1.705502483116920834e-02,6.603649221155284688e-02,-3.716617356537544464e-02,3.044435514609789006e-02,-8.665193242208175245e-03,1.512526290108464830e-02,2.781120581089637639e-02,3.741834846208005189e-02,3.927594656602313716e-02
-7.301233468073257959e-02,4.117781934458129844e-02,4.891618700259524333e-02,-1.106163751481039140e-03,1.483326929907365088e-02,-2.877072025456516718e-02,8.221580751035720627e-03,-3.515894481061263704e-02,-1.099882858523998017e-02,-1.460246693614651592e-01
1.488594228996635918e-02,7.947414430975087082e-03,1.534770332989667668e-02,-4.233450302180091773e-02,-4.729955935840614301e-03,4.859805584450213600e-02,-4.757405186762712901e-02,-1.664189900434318373e-02,-2.470553576698443672e-03,2.977188457993271836e-02
-4.408588215242890268e-02,4.644046543772347227e-03,-3.869327484702071718e-02,1.799178270105334168e-02,-2.188802627834780801e-02,-6.659714738013891577e-02,-3.744814887331764791e-02,7.907285130388920502e-02,2.198845767267860671e-02,-8.817176430485780536e-02
1.654890506929004423e-03,7.023271937076510339e-03,-1.552232826533421484e-02,6.069998049807720508e-02,-1.761072295111071676e-02,1.189789642921537660e-02,-2.832079866544381236e-02,3.589092731316772394e-02,-4.807105359559887825e-02,3.309781013858008845e-03
4.908601628977339593e-02,2.117969207795023304e-02,-4.195711861446962954e-02,-1.084881141792588821e-01,1.104033769916257096e-01,-1.656427797637533006e-02,-6.351272286930967348e-02,1.241591994116133905e-02,1.733352193883183623e-02,9.817203257954679185e-02
2.832169027749391679e-02,4.163607834183305489e-02,-6.042598554543364073e-03,6.053832858901037062e-02,8.304323197856150474e-02,8.552448745778899741e-02,6.841302870572156525e-03,-9.189766041178982353e-03,-2.293561100644952305e-02,5.664338055498783359e-02
-5.877584257853112754e-02,-5.111390417116719320e-02,-1.567830933215570363e-02,3.185521920582905231e-02,2.503229425626150167e-02,4.246360405949286404e-02,2.996207650290799371e-02,-2.496983752079569643e-02,-7.520072261538257585e-02,-1.175516851570622551e-01
-1.017940003613923283e-01,1.373748409956254864e-02,5.510272711729941562e-03,2.065351310598029233e-02,2.376557470331980282e-02,-4.559236147582482190e-02,4.143392001562781757e-02,4.329552161750995637e-02,1.922175699165885529e-02,-2.035880007227846566e-01
1.478007818508901040e-02,-4.690576078029360524e-02,-2.280702722363802532e-02,-2.804281719414248100e-02,1.730063325695795204e-03,2.201437204192825681e-02,-8.292352396411938054e-02,6.417397658505577529e-02,1.475945882028193573e-02,2.956015637017802081e-02
-1.149703997333736613e-02,7.912388483133298359e-03,-2.105854074788409552e-02,-3.542005584912145261e-02,-3.271192925931208639e-02,-3.426813322917270088e-02,-4.994576633058669946e-02,6.286720692556872075e-03,-4.100766681234781739e-03,-2.299407994667473226e-02
-2.048322081303544095e-02,3.316863122745961762e-02,-6.369434874426986755e-03,-1.468514315170261868e-02,1.522256852783693271e-02,7.509166120849483650e-02,1.983741287320621091e-03,-1.557000909600987464e-02,5.524777431284964846e-02,-4.096644162607088191e-02
-1.401894138477583276e-02,1.243452761138405353e-02,2.128273105511548774e-02,-6.328062882941908052e-02,1.021770201058278286e-03,8.035320564989770556e-03,-3.684262661857221760e-02,-4.399277954739026081e-02,-2.368185250721885002e-02,-2.803788276955166553e-02
2.174953929615103948e-02,-1.723525783761593877e-02,-5.813284583082099083e-02,4.235208035480620553e-02,4.219311072280854807e-02,1.756222751336663362e-02,7.167030641017813064e-02,-3.211252374337953547e-02,-6.076778382428619368e-02,4.349907859230207896e-02
2.092065800161329280e-03,2.049004988022049001e-02,-3.839265640292510023e-02,-5.849194685900252662e-03,1.782892229678521845e-02,-8.403906678493422433e-02,-2.401627467315379377e-02,1.517033422555952651e-02,-2.057523204126130226e-02,4.184131600322658559e-03
-2.485350536897928259e-02,2.839434249112647579e-02,-7.159377071852186282e-04,3.705371771076285820e-02,3.554786958364922200e-02,-3.806947232075102994e-02,2.361970454588286847e-02,-3.544958637243386668e-02,1.801708284787211997e-03,-4.970701073795856517e-02
8.450608656855261233e-03,1.587434987349477244e-02,-7.470276615319969109e-03,-2.622023315140293090e-02,-1.144931349137069156e-02,-1.280388045308189157e-02,-4.525066172865474523e-02,-2.483101113369879862e-02,8.889703773409342313e-02,1.690121731371052247e-02
8.503296377915641954e-03,-8.226749145770159699e-02,-7.255280740958784669e-02,6.625858390922773067e-02,-2.415175154464205623e-02,8.278758914195169863e-03,4.733696156191925797e-02,2.642151072031343698e-03,5.005981031099493439e-02,1.700659275583128391e-02
-6.953362042393530784e-02,4.888351266721908256e-02,4.071500532255469679e-02,1.673771677714573636e-02,1.100761730241257841e-02,-2.354002394540206586e-02,3.524565870611396506e-02,1.391555955425337159e-02,1.665174685268173624e-02,-1.390672408478706157e-01
-1.944050614102993055e-02,1.020164312990660266e-02,-5.222345716259171530e-03,9.056846313875129353e-03,-7.165717613843369804e-02,6.234109237184281595e-03,-3.215341353062171198e-02,1.713547956088588495e-02,-3.341682610346326243e-02,-3.888101228205986110e-02
6.308285995962537550e-03,-4.709590155408876350e-03,-1.141171167013350571e-02,-2.705567617009060205e-02,7.872287035790972998e-03,-6.017641873007762571e-02,7.859736607035255592e-04,1.823032578019575037e-02,8.300491321093172135e-04,1.261657199192507510e-02
1.943573020417843286e-02,1.744763615598768011e-02,2.209801556656187937e-02,-1.151975288045302241e-02,1.381675178068332566e-02,4.608513617520206690e-02,-3.015203474661073729e-04,1.520406745947157183e-02,-5.601483610367639226e-02,3.887146040835686572e-02
-8.789720395565015637e-03,3.324231690848371973e-02,-3.852109093133755657e-02,6.390650627407922814e-03,6.341095953713446476e-02,-4.919717314979298387e-03,-3.120714084839186844e-02,-2.507490321319524873e-02,8.220786275790725739e-02,-1.757944079113003127e-02
-4.754947844278280961e-02,-1.012257711680480399e-01,3.399856260967738103e-02,9.074641265013988489e-02,-2.841980223081953458e-02,-5.632515945126974344e-02,1.646998999525904964e-02,-5.528868773404453478e-03,-3.050138450681723259e-03,-9.509895688556561921e-02
1.957468814924932191e-03,-6.244145098685213204e-03,9.833079591927093924e-03,7.882404091653204270e-02,-1.658805111124227530e-02,-3.730726503643528452e-02,-6.961510368964277280e-03,2.485257980441989492e-02,8.474628282041291039e-03,3.914937629849864383e-03
7.267584042564995128e-02,1.649470764492004526e-02,-2.374654353181185340e-02,-1.406505306901687825e-02,1.932563032850896298e-02,-4.048147449173312984e-02,3.122961937828571885e-02,-1.997279083181980643e-03,1.317451717890161592e-02,1.453516808512999026e-01
-3.743501932611818794e-02,4.561371808769137254e-02,9.996887146716705932e-03,-3.380573702621559457e-02,-2.226473894641086901e-02,5.470906770209380855e-03,-1.402826968427832097e-02,-2.055470101562293511e-02,7.106387998485472722e-03,-7.487003865223637589e-02
-9.615556614551416803e-02,-1.391428120590415540e-02,1.034689516477863350e-02,7.565689268110614707e-02,5.773969378802079437e-03,-2.185601966771707344e-02,2.762284892780608389e-02,2.884489488077581973e-02,4.893771432392492876e-02,-1.923111322910283361e-01
2.481763449849437933e-02,-5.480253842356934413e-02,1.798860467815736018e-03,1.531070041655180694e-02,-2.997442912211045751e-03,-4.868580890404343095e-03,-2.003402337628121602e-02,7.868544359994929238e-02,-4.883350238182553732e-02,4.963526899698875866e-02
-3.068407517628372449e-03,-2.134788594984138657e-02,2.841667563293338514e-02,1.797984415733495586e-02,-3.253588438923483983e-02,-3.200703094648525010e-02,5.459427092049731062e-02,-1.965749752413272280e-02,-5.007684408907434916e-03,-6.136815035256744898e-03
3.295378316879813470e-03,-2.919765785120323823e-02,3.032677168725776348e-02,-6.668411649422768817e-02,1.007928226400511308e-02,-5.951255950215284841e-03,-6.256080693652600611e-02,3.663700812880537477e-02,-1.858628098734110140e-02,6.590756633759626941e-03
-5.895192716519708637e-03,8.591836160542454248e-02,-1.798919865508409252e-02,3.270603968788373533e-02,2.754098159514196606e-02,1.864803686691031068e-02,-2.996605179983026848e-02,4.503681358636306420e-02,3.021907832790208734e-02,-1.179038543303941727e-02
-4.659829527274431116e-02,-6.151726335283044800e-02,-7.911990072043205424e-03,5.803009062961193842e-02,-6.897371775553820528e-02,-7.959476639872310744e-02,2.336078454531766851e-02,-1.800386836330036431e-03,1.547674095641359514e-02,-9.319659054548862231e-02
4.815458906701974851e-02,-1.464551757659373482e-02,1.159916638534759341e-02,1.072396575511205992e-02,-4.054930727093441351e-02,-2.072445405088660722e-02,5.686353642978168865e-02,1.678429295700371165e-02,-1.307274100234392597e-02,9.630917813403949701e-02
8.321459285589039034e-05,2.223161903139875620e-02,-1.667943629387762597e-02,4.422229972266814718e-02,-5.416494252224771794e-02,-6.726234724912068252e-02,-2.548160042292101427e-02,-6.028882163805113215e-02,-6.798384871216171799e-02,1.664291857117807807e-04
5.373928086622040134e-02,3.800778276603943712e-02,4.581271549465255194e-02,-9.984421922631375734e-02,-3.328099869177576428e-03,-6.896423971121530029e-03,-8.553411848552142094e-03,-3.387279734557809702e-02,4.078698352906669905e-02,1.074785617324408027e-01
4.363482646258996095e-02,-4.236413008088948245e-02,-4.959919448132892039e-03,-2.194312622431691256e-02,2.583571126795293493e-02,4.802804650247372020e-02,2.956739868135202509e-02,1.163464518711209046e-02,1.999667006004015105e-03,8.726965292517992190e-02
-3.498334494602164252e-02,-2.822611407836388142e-02,1.879114416197521717e-02,1.874851013723588533e-02,8.322389202323398835e-03,-1.699210480886484409e-02,9.179236467431449789e-03,-8.624597077383937271e-02,5.286826758523309466e-02,-6.996668989204328504e-02
1.693778905598738527e-03,4.428317210920069795e-03,4.385503832733191054e-02,5.501437179443779968e-02,-4.603396269688457380e-03,-6.448750246571585687e-02,5.230241533155235989e-02,-2.605640895805972149e-02,-9.187640975058468384e-02,3.387557811197477054e-03
5.023624691368630546e-02,-8.491947377383615367e-03,1.990362831082281847e-02,-8.322483487177095851e-03,-3.241004362956646095e-02,-2.034525272803845014e-02,-2.120985886264603951e-03,4.625502772592012153e-03,2.817986185762052023e-02,1.004724938273726109e-01
-2.937255381729089385e-02,2.098810581582062889e-03,1.545398492103470947e-03,-4.222267680937708684e-02,1.081063505214644067e-02,-8.905145328736772947e-02,2.468421253177522506e-02,1.564444424777014161e-02,2.275135432390952214e-02,-5.874510763458178769e-02
-2.755909216409868287e-02,-6.547539511836319645e-03,1.024924700018128680e-02,3.521838882317379626e-02,2.913186416550543958e-02,7.003513171915105862e-02,7.723768616319552464e-03,-8.523118076655000763e-02,4.190515651279396597e-02,-5.511818432819736574e-02
3.406338026469694913e-02,1.066855610825516443e-02,1.534172736500871714e-02,3.745770548429198585e-03,-2.941778894242000689e-03,2.970502122855921828e-02,3.574438724229776938e-03,-4.100069946524708894e-03,7.329908356088972975e-03,6.812676052939389826e-02
1.279176958575390342e-02,-8.821180215276022696e-02,5.122426089228923965e-03,-6.610526511900631508e-03,3.247248764708289548e-02,6.872903915090765314e-02,7.712670056982617005e-03,8.124868817543923552e-03,2.096278554209332970e-02,2.558353917150780685e-02
-9.444332061698998415e-02,3.709010923192514186e-02,-1.077664455262875021e-02,1.222916918797432514e-02,-2.013754131925560992e-02,-1.822335226198252417e-02,-8.627429662472723207e-03,-2.328060272871441266e-02,4.870949289822560507e-02,-1.888866412339799683e-01
-7.309087630012717218e-02,7.346246463368499846e-02,-1.356959219454339505e-01,-7.005949715067151355e-03,-1.291912028152376879e-02,-1.241682612160031202e-02,-4.118822677075657801e-02,1.351376347420406125e-02,2.645259699698731398e-02,-1.461817526002543444e-01
2.055438617083414285e-02,1.137433398597716139e-01,-4.043378799875888691e-02,-8.248732006941244393e-03,-1.900568016346755942e-02,-4.872002835051812003e-02,2.260878971378104188e-02,-2.007528152144175820e-02,1.798345540250671781e-02,4.110877234166828570e-02
-3.969119385426674723e-02,9.342908569521036696e-03,-1.149570700316453718e-02,4.442801874572040871e-02,-4.091579372996492076e-02,5.330425283730767100e-02,5.399036123105233759e-03,-2.458708925712435253e-02,-5.440614330182945088e-03,-7.938238770853349446e-02
-1.500353373719198660e-03,2.775124415401730282e-03,-5.129827598933334870e-02,1.853584314497147209e-02,-1.836545302007233996e-02,-6.223440249852325162e-02,-3.017586802655146047e-02,-1.861516428640241916e-02,-4.342307717490432456e-02,-3.000706747438397319e-03
-3.384819549939994954e-02,-4.739238080424101190e-02,3.221704483821288129e-02,-1.310677421910760344e-02,-4.047853046111953013e-02,-3.024189216979525363e-02,-4.954723259419229614e-02,6.487902755563024204e-02,-5.644482835347533478e-02,-6.769639099879989907e-02
1.348832970481347523e-03,3.834775058922268443e-02,1.012775554225153474e-01,2.972233029195995094e-02,2.464722467044623208e-02,3.276923811669386899e-02,4.607912628401608646e-02,-3.530868539383317465e-03,1.631384660434520226e-02,2.697665940962695047e-03
-5.822851425069532766e-02,-4.114876940941632893e-02,-3.315300434676637237e-02,-1.071420908344933830e-02,-1.737935582217822739e-02,2.618012802067015352e-02,3.774841870189343807e-02,9.168994462316051516e-03,-1.747627679812221307e-02,-1.164570285013906553e-01
-1.545626150361210580e-02,3.269270642437419050e-02,-4.932864919149904104e-02,3.358145866507486477e-02,-3.632036661840522263e-02,-5.184900388735552007e-02,1.058729437350914952e-02,4.045026824869331003e-03,1.396635703946007834e-01,-3.091252300722421159e-02
5.123112422136113370e-02,-4.442711175122860540e-02,5.657204807018546833e-02,-2.126380119700210444e-03,-5.417440884796180522e-02,5.126333162145448735e-02,3.926490095111273559e-02,-3.815476416693609762e-02,9.073766017462145048e-03,1.024622484427222674e-01
2.462326619809778253e-02,1.739199610239095320e-02,3.765097396152172066e-02,5.448628626569684830e-02,2.303456781147529206e-02,-3.497049688810011797e-02,2.049994029794210276e-02,-2.941357440700555215e-02,-4.424754222717981050e-02,4.924653239619556505e-02
-5.918731450659473620e-02,4.037518098369886205e-02,-9.508923445011372225e-03,-9.168942637594691691e-03,1.678692823480270116e-02,1.373604344763357243e-02,5.466758179910940346e-02,5.316361227839011029e-03,-6.009686234674882499e-02,-1.183746290131894724e-01
-7.239890365865114807e-02,1.367994997528044305e-03,-2.030221875430646833e-02,3.717765219974726587e-02,-5.111429028092431825e-02,-1.379880739035241853e-02,-4.113669118950405434e-02,3.722089858101353121e-02,-2.904819047755124832e-03,-1.447978073173022961e-01
-5.533998490537996029e-02,2.034949063939354638e-02,-1.786455769835117863e-02,-7.891684132082837227e-03,5.813401610229031874e-02,-7.976109429437705511e-02,3.102260730267086472e-02,-2.263756794214598009e-02,2.003259744691465033e-02,-1.106799698107599206e-01
2.538982649467175570e-02,-1.340069303126545895e-02,-5.103353837289673284e-04,4.326083181862060145e-02,8.142408449453155533e-03,-1.103113452479529723e-02,8.418190532807316717e-02,-2.848309775195792364e-03,-5.668431519872039331e-03,5.077965298934351140e-02
2.088007668983924911e-02,-1.824980898753842881e-02,-6.625525263988629732e-02,3.327621332669233184e-02,-6.159542842721721367e-02,-2.645158045722709184e-02,-2.443252805933958730e-02,3.543765736491689272e-02,8.225825113069724567e-03,4.176015337967849822e-02
1.222401293780379927e-02,-4.271849171562759617e-02,-4.507467005850963188e-02,3.578726140284619814e-03,3.324322455559648726e-02,-2.640893387085004040e-02,2.794135763256335239e-02,1.322344521658650254e-02,-4.911604049411915501e-02,2.444802587560759854e-02
3.061110371080276449e-02,3.448530228617235210e-02,-9.027131953133697706e-03,1.243394370425474592e-02,-4.351263498808617680e-02,3.726876474850680104e-02,7.495947548647845238e-02,3.818605411836158148e-02,3.007255075015385914e-02,6.122220742160552898e-02
-2.732983402535458378e-02,3.771442444594733275e-03,1.751064904920589249e-02,2.424795305260360467e-02,2.492741510270759034e-02,-2.421848786161344066e-02,2.168823192888728185e-02,-2.259640139825555213e-02,1.987141204098120950e-02,-5.465966805070916756e-02
1.541533640618674090e-03,-7.882862315113552121e-02,3.684151199148546357e-02,1.110348580148944574e-02,4.081041707335589935e-03,1.439200432535229016e-02,-4.468804358834501528e-02,9.915833932941462564e-04,7.683772153334308963e-02,3.083067281237348179e-03
-3.827456256570071352e-02,-6.429050726018409323e-02,-3.877745037007204049e-02,-4.958733532834912888e-02,5.193065660070200068e-02,2.373136376843175410e-02,1.422497994860339940e-02,-1.166964625557973846e-04,5.707800726227363688e-03,-7.654912513140142705e-02
-6.199069596606997246e-02,4.434978716908333923e-02,6.621417729532709517e-02,-1.567417335416834007e-02,1.667207394670983805e-02,-8.517743011983400225e-02,1.696556052939282230e-02,1.930360747800149296e-02,9.272889312084295343e-02,-1.239813919321399449e-01
-1.419838410975395558e-02,-1.223604988981911480e-02,-2.067540700418939517e-02,6.348526012938587003e-03,-2.246472460772933055e-02,-8.263904332204780046e-03,-3.496953525612233465e-02,9.317007309256214800e-03,-1.981564679754210453e-02,-2.839676821950791116e-02
9.984693287939616635e-02,8.147202520777541840e-03,-1.471670347046124400e-02,-2.659988000084418866e-02,2.129661679859686310e-02,2.008502017075485674e-03,-4.198600904063599926e-02,3.818595294208084606e-02,-3.891015873697279553e-02,1.996938657587923327e-01
-1.570155122424791647e-02,7.118992508010644170e-03,6.109718701383404227e-02,4.473504541604442220e-02,-1.626964214835932912e-02,-1.046074049189665151e-02,1.026996638739516993e-02,6.879395106765129331e-02,-2.934977202581969674e-02,-3.140310244849583293e-02
3.977420844079768841e-02,2.969272362709053301e-02,5.589705422788104894e-02,7.761952849407091626e-02,-1.404177632427644051e-03,-1.754920438365541657e-03,-2.192291375450185209e-02,-1.076745804141502824e-02,6.925365553140949704e-02,7.954841688159537683e-02
1.221283077053605948e-02,1.535010614969455241e-02,-8.667456913293826448e-03,-1.112004271797104905e-02,-4.428866684762295530e-02,-3.372380690899103028e-02,-2.255487542461279832e-02,1.971261166989325686e-02,6.810178767397575238e-03,2.442566154107211895e-02
1.876191969458166492e-02,1.023215653102241690e-01,-7.196253901634637462e-02,-5.141292559536882883e-02,-4.996182641975469366e-03,2.440621053361015716e-03,-2.407410936545152993e-02,1.333688245892720482e-02,-5.826334436821768020e-02,3.752383938916332984e-02
-1.275818378129925726e-02,2.440423118903745775e-02,-1.414804827203201831e-02,-1.696109572323783315e-02,1.794420749967277559e-02,-1.438510881252324201e-02,-6.448883876046021188e-03,1.060592452682825385e-02,-2.506304232633535262e-03,-2.551636756259851452e-02
-9.224746027457779440e-02,1.818885403494666791e-02,-5.872154531303438313e-02,-6.258747553520938034e-02,2.842213349428288419e-02,-5.028836364924290508e-02,1.758492647855833257e-02,4.451094110950241933e-02,5.541285423686766187e-03,-1.844949205491555888e-01
-5.396374783365950195e-02,3.658942310079559695e-02,-3.034250854464199190e-02,-1.320455890393423468e-02,-1.432458429437006263e-02,2.759411487213180719e-02,-3.702454359409518194e-03,1.194297665528140304e-02,2.511204580138716447e-02,-1.079274956673190039e-01
6.123102603739309646e-02,-5.343408819164637003e-02,1.340839439237798657e-02,5.621061234876179730e-02,-1.389053703272778544e-02,3.740671656281478741e-02,2.582035460598151866e-02,3.260823604347213439e-02,1.747499873643720489e-02,1.224620520747861929e-01
-2.128500680486625218e-02,4.928459248415457267e-02,-1.651920581227268175e-02,-2.506643894306457426e-02,-3.089001928176061951e-02,9.553918433733286919e-03,4.570413674935298182e-02,-1.960066063799898936e-02,3.259288983109309007e-02,-4.257001360973250437e-02
-5.297995182085547816e-02,4.293322807049301110e-02,-3.745465000280773227e-02,-1.357352331739075700e-03,1.164080005249260030e-02,2.672697167408442237e-02,2.981465175378466073e-02,3.876499111333230052e-02,-4.804825316098512017e-02,-1.059599036417109563e-01
-6.359354716919146666e-02,2.263866546602305227e-02,3.073944152792473100e-02,-1.019843916612168076e-02,-1.990836425632167353e-02,2.356330717768257907e-02,8.921566219619732341e-02,-1.768144859399072358e-02,4.933633194569356922e-02,-1.271870943383829333e-01
4.156357844884543684e-02,1.129555861456418213e-04,6.701752904363052384e-03,-4.631408250622289641e-02,4.749510476239778706e-03,-2.748813672883254969e-02,-2.937428138018844878e-02,1.174212758074636917e-02,2.344189938369706239e-02,8.312715689769087368e-02
1.973804061204671723e-02,4.562679537958561765e-02,-4.987992406513929583e-02,-2.721439111995021046e-02,2.224764433609782016e-02,1.988820535756919382e-03,-1.473254826525502957e-02,-4.697261863273913957e-02,7.168304716412489397e-02,3.947608122409343445e-02
-2.087419024415674076e-02,-2.027899804598012889e-02,2.648730511966934653e-02,-2.745865319152881664e-02,-3.627451928312267621e-02,3.516055128441037889e-03,-1.493718294443068320e-02,-2.017856921863331321e-02,-3.606238725099855658e-02,-4.174838048831348153e-02
-5.507752276472872160e-02,-1.539561676601503178e-02,4.169361132597435016e-02,-1.229685637383228919e-01,-3.054085665802662442e-02,-2.396586754670854830e-02,-6.729932659466178468e-02,1.826305515651062764e-02,-4.665711341102118243e-03,-1.101550455294574432e-01
1.628913604380299515e-02,-4.140847662595176920e-02,-1.230029833189403947e-02,5.133443640016145670e-03,-4.969698632877936340e-02,6.293870638067111667e-02,-4.923404643597202590e-02,-4.270367106518625083e-02,2.958452639974489679e-02,3.257827208760599030e-02
-5.390589256235452792e-02,3.879481861634968831e-02,5.813649912213349723e-03,2.625016635132117540e-02,3.598576571199528507e-02,-2.934556642557432926e-02,4.943227455816539412e-02,-2.930223350378177716e-02,2.034820544413906435e-03,-1.078117851247090558e-01
6.791585376957962050e-02,1.110580465005895669e-02,4.838664961010760712e-02,-6.236021455035596454e-03,-5.902066168520795275e-04,4.971032591641785098e-02,-1.679486074766770032e-02,3.541899914429266771e-02,2.858422275253191119e-02,1.358317075391592410e-01
1.034289667013558491e-02,-1.979016388344485844e-02,-3.038087379340409511e-02,-2.425506588515598944e-02,9.826161916727006729e-03,1.710509322248734976e-02,5.253803677211912188e-02,-3.895975112577025612e-02,-3.275185288927959237e-02,2.068579334027116981e-02
-1.671930446741665827e-02,3.392522008948532786e-02,-3.538620847738833258e-03,-6.578338382738531387e-03,-2.068961131665069536e-02,-2.189909029057769685e-02,-1.935422503349028267e-02,-2.301728266094023312e-02,2.590605063034851982e-02,-3.343860893483331653e-02
-6.548158345949135761e-03,8.872632668488688104e-03,2.106421583657138493e-03,-1.189890385274479379e-02,1.882105492815039707e-02,-1.206844277687692387e-03,3.479771519261043878e-03,2.125842117026854189e-02,-4.024907495960339948e-02,-1.309631669189827152e-02
6.122723144778035101e-03,-5.287099569566213603e-02,-2.763948127683520106e-02,-2.645348878281745045e-02,-6.106618079383011738e-02,7.189896744642356764e-03,2.584245627075780830e-02,-4.254249389234682210e-02,9.015209212040599385e-02,1.224544628955607020e-02
1.280568024891159951e-02,9.094398012127392905e-03,1.124732452099587582e-01,-3.867786856482032659e-02,-3.791980607242382423e-02,-4.728334913497842656e-02,-5.305684043221610413e-02,-3.740299558003818271e-04,9.213418645711408950e-03,2.561136049782319901e-02
-2.335015320550045889e-02,-9.019953363650490274e-02,4.327778606207193651e-02,1.632200560491738409e-02,-3.831639609268410601e-02,-1.138013020884651692e-02,1.428290499203128776e-02,-1.073282675795211340e-02,1.704961063198239327e-02,-4.670030641100091778e-02
-3.623364209197832420e-02,2.011017665909560492e-02,3.424340797453374191e-02,4.636733528968021295e-02,7.368413767834523787e-02,1.158341616140312440e-02,-8.555350846352866023e-03,-5.687765196674233331e-02,4.468655827682460613e-02,-7.246728418395664839e-02
3.875902580343234399e-02,1.386764974423947486e-02,6.906054700956881093e-03,5.085814973206313067e-02,5.226638096897179113e-03,-7.278628390699305901e-03,-5.131134783719923376e-02,5.266465455954484620e-02,7.379858471322307996e-03,7.751805160686468799e-02
3.897473100585256527e-03,2.955021992891736921e-02,-1.579325709342378412e-02,1.289283796517390890e-01,6.511510902361986042e-02,3.890111785709454012e-02,2.218732605936569666e-02,-1.471011893645415847e-02,5.180102400899445902e-02,7.794946201170513053e-03
-8.610997407562503286e-03,-9.307057210938331562e-03,3.492378606384564065e-03,-2.516340071626152822e-02,-1.424933983578352548e-02,1.673143142661635797e-04,1.143611026792556128e-02,5.164267951533543788e-02,5.234884189137143512e-02,-1.722199481512500657e-02
3.611722180641342705e-02,-4.034769194252902508e-02,5.482718505989981478e-02,-3.615765305434248678e-02,-3.424401332781693702e-02,-6.054954434571593186e-02,-3.134837853420691794e-02,-4.245937667344512091e-03,-5.375853898850535550e-02,7.223444361282685411e-02
-2.194041057865659186e-02,3.995593865388304133e-02,-2.137824885893134172e-02,-7.383755205876707268e-04,-2.157111026609021334e-02,1.066662914784213476e-02,-4.128432708440474275e-02,7.535558763048161909e-04,-3.675621761660670308e-03,-4.388082115731318372e-02
2.817572183618964957e-02,-2.288883270406871090e-02,1.866984377436374173e-03,-6.047746945452271011e-02,4.551602819894943336e-02,-2.110913265233465771e-02,-3.389450474626320986e-02,-8.232104914862058143e-03,7.317141594184538300e-02,5.635144367237929913e-02
3.434675570867808114e-02,-4.221212946490482398e-02,-2.155223652082573216e-02,-3.291559515082653764e-02,6.823557155186821786e-03,3.267553065724647376e-02,-8.653781166473202557e-03,-1.464029734398815223e-02,3.071150686679801484e-02,6.869351141735616229e-02
-1.658706648319003066e-02,2.496275077833097142e-02,-6.410237064047542843e-02,3.406609878605217339e-03,-2.650084331839098681e-02,-4.001355711342316490e-02,-1.930989913398842989e-02,1.341770291826494682e-02,9.244070585425945633e-03,-3.317413296638006132e-02
3.210055150522865552e-02,-9.371481567608137830e-02,2.122480387104174176e-03,2.138259358714633511e-03,1.112939024261417643e-02,-2.093353302424450120e-03,2.960238501834867864e-02,-1.694091644334980162e-02,1.963950593586987273e-02,6.420110301045731105e-02
-8.113326092449616670e-04,-2.469538196479352868e-02,9.588226014436722691e-03,3.487640764118613013e-02,-2.954175186386801683e-02,2.117439262394500352e-02,8.414040349469404170e-03,-3.289930857608775600e-03,1.943230676439996682e-02,-1.622665218489923334e-03
-1.787256103242584881e-02,-1.200177116304283476e-01,2.222748455079790256e-02,3.239457538414539789e-02,-7.586639951595579301e-02,7.128758390688151592e-02,6.135675389055555290e-02,-1.464367471801590777e-02,-6.967787445126481793e-02,-3.574512206485169763e-02
2.756286846651739494e-02,2.157192405536209959e-02,4.875370558221198136e-02,-6.037516534994902262e-03,-5.530215069841893337e-03,-8.062192670258809535e-02,2.678292636472065849e-02,-6.710349284634567653e-03,-3.406064969661337649e-02,5.512573693303478989e-02
-1.500609456615310984e-02,-6.639843467505923691e-02,1.277897603098259241e-02,-1.594280638529234481e-03,-4.247002091242426530e-02,2.349237697119407539e-02,1.055943910114999773e-01,-8.747777344753246767e-03,1.549560331575679066e-02,-3.001218913230621968e-02
-5.173928952319849922e-02,-1.742435157568859513e-02,3.093882154984166702e-02,-1.036400601648386315e-02,3.763349729672200994e-02,-1.926527402009011597e-02,-1.770178894229439484e-02,-3.761802642152299592e-02,4.003167123587747511e-02,-1.034785790463969984e-01
2.974727313307332435e-02,-7.007169529152629250e-02,6.920240532861179905e-02,-8.535476389159510346e-03,-1.208328285007948671e-02,-1.498286335940964345e-02,3.815807530623244181e-02,-1.208153505244047819e-02,-1.400732918185578803e-02,5.949454626614664871e-02
-3.507522842639572425e-02,-1.911164685795395651e-03,-7.774338080580792121e-02,9.555214591790908707e-02,2.973784933475606684e-02,9.674904219357273460e-03,2.403537001592412348e-02,-1.576067345415387011e-02,-7.280511532240650785e-03,-7.015045685279144849e-02
-2.149185079535392839e-02,2.312045492667359065e-02,-1.113490511899024654e-03,-3.744338544739008595e-02,-9.539047881753567881e-03,-3.954953995828124763e-02,-7.740596105157654394e-02,2.423480722501366452e-02,4.389048847251072333e-02,-4.298370159070785679e-02
-1.122101154523380377e-02,4.298051149018935341e-02,-4.208880974895316818e-02,-3.126702646832847567e-03,1.694484153595044590e-02,4.870092804202393044e-02,2.192887594964057756e-03,2.108538703627240579e-02,5.381869682258726140e-02,-2.244202309046760754e-02
-5.515393358133362234e-02,4.869717944883453220e-02,-9.407048597839913484e-02,2.198212946463911840e-02,-6.689138451363877552e-03,-1.964766914664621555e-02,-2.618123248848040416e-02,-1.670427591920635793e-02,4.975633000581639737e-02,-1.103078671626672447e-01
-9.243836738854796856e-03,-3.516496576806885793e-02,6.345461644157412463e-03,3.643023355088598897e-02,-4.847921189196727210e-02,-1.662179980293910023e-02,-3.777424662583689363e-02,-3.688957514257393960e-02,-7.595625043605542734e-04,-1.848767347770959371e-02
7.181402440307119162e-02,3.743224375447819913e-02,1.124541184255129292e-02,-6.472852139189537793e-03,2.735696149436978031e-02,-2.380452085275137908e-02,-2.709267867750748959e-02,5.327264384992964896e-02,-5.501648550556344913e-02,1.436280488061423832e-01
-3.713661284951387531e-02,-5.500836365098619139e-03,-2.832581207468870890e-02,1.653843270629025766e-02,-4.829350370268171294e-02,-2.676241235406849606e-02,-3.075842723764068282e-02,1.347501713998839994e-02,-4.786529683249627493e-02,-7.427322569902775062e-02
-5.379230638097906581e-02,-3.008872690639232544e-03,2.820695493077372829e-02,-1.740586666658956033e-02,-2.841451371678470339e-02,-4.386318144637534056e-02,6.157883612063233536e-02,-2.920691638622958247e-02,-3.697236922735118447e-02,-1.075846127619581316e-01
-4.866923663165553804e-02,6.740235205031480659e-02,1.579052286220379228e-02,1.717878434350694761e-02,4.377158380784058195e-02,3.980355219607884659e-02,-4.319406759783134958e-02,4.167021202856479472e-04,-3.110955395435935182e-03,-9.733847326331107608e-02
7.604132370868675606e-03,-2.590526566521444626e-02,-1.347819915501543599e-02,2.121108712241389152e-02,-3.118751588730432969e-02,4.315604738195082980e-03,-7.198043911191691346e-02,7.527166437799459597e-02,1.491987397080593233e-02,1.520826474173735121e-02
-2.012182115658586387e-03,-1.832826277176730426e-03,1.708693996345854796e-02,-1.546925736582773978e-02,-1.842778719724948167e-02,3.860661901904229726e-02,5.617807037987667534e-02,4.435684871933901559e-04,5.959154553773982760e-03,-4.024364231317172774e-03
2.373844070198825873e-02,-6.817055235178620318e-03,5.328248489259375907e-03,2.847686278430439089e-02,9.374105983917496287e-04,1.206299653625681617e-02,6.204299605801848194e-02,-1.230188088444472000e-02,-8.555728747793530514e-03,4.747688140397651746e-02
2.479384771951680458e-02,-1.904176982895440517e-02,3.737501009775068966e-02,-3.791115250446188550e-02,-4.146549639812825011e-02,4.851284124608060827e-02,2.224006186795346451e-02,-4.099931293081617717e-02,2.248576063667288502e-02,4.958769543903360916e-02
3.165242348449782278e-02,-4.373880210120906220e-02,-2.321355382041861634e-02,3.094967275397446718e-02,3.557452849487279661e-02,-1.252938249375278555e-02,1.217555443096169504e-02,3.595294978446748196e-02,2.963462643645739872e-02,6.330484696899564556e-02
2.924889723545932851e-02,3.150210971866757026e-02,-1.426188618467722109e-02,1.767058547858411238e-02,1.702529621168355489e-02,-6.986830422899459325e-02,4.407654492570874799e-02,-3.224246315954586856e-02,-1.089906838446711920e-02,5.849779447091865703e-02
2.774955206206568617e-02,4.079189585329412318e-04,-4.572797844451969435e-02,-1.505318205421737844e-03,4.278623010203632532e-02,-6.062844831728888629e-04,2.590558087663436329e-02,2.274128919089628970e-02,-8.359404787225688249e-03,5.549910412413137234e-02
-2.404612884827183814e-02,1.089447606150193391e-02,-3.978046907030886176e-02,3.705067013631325318e-02,3.948928072430350072e-02,-7.199468922623120798e-03,-1.064391230061680462e-03,-1.162059546314312374e-02,-5.688396106074415648e-02,-4.809225769654367627e-02
2.804989959597120608e-02,4.478984872705880221e-02,9.583418772184907827e-03,-1.367679149589375726e-02,-2.194489342915707537e-03,8.484036972757691419e-02,3.043299877383326760e-03,-5.937247284443385176e-02,2.076657480647272833e-02,5.609979919194241216e-02
3.518197919712068994e-02,-2.637844719397807944e-02,-5.818260301890941510e-03,2.161676821483250743e-02,-5.824007985842630242e-02,-1.230232688618305703e-01,2.877624934607758353e-02,-6.821471615594613958e-02,4.931548652806634625e-02,7.036395839424137988e-02
-4.165191470847559238e-03,2.172164159592461941e-03,-1.273975406070746927e-02,-2.428697560052944446e-02,-5.355692227312484205e-02,1.496020730132851780e-03,-2.725579917109583611e-02,-6.186225622245872247e-02,5.249441186997599353e-03,-8.330382941695118476e-03
1.682817502515939964e-02,5.536161529325638736e-02,-3.527689640366198087e-02,-1.110619125112770854e-02,1.249945234627244245e-02,-2.217147290781733629e-02,1.555912139035410188e-02,5.349981939483203913e-02,-7.843236697133406515e-03,3.365635005031879928e-02
1.043426747770692387e-01,-8.583031614158570868e-03,-3.771900956872378113e-02,-1.168153601354712384e-01,6.442553168339251561e-03,-4.025771472316209965e-02,-7.804161242005064857e-03,-1.344494515757498239e-02,-5.600188057933701974e-02,2.086853495541384773e-01
-7.340696295256431136e-02,5.076091538516341872e-02,2.766154855779144606e-02,1.350401955414596081e-02,-9.582394588712517258e-02,1.026580325517463393e-01,4.694183404746537711e-03,-3.442871339179772588e-02,-2.474935675156198639e-02,-1.468139259051286227e-01
-1.747520153938109805e-02,3.722926701788568937e-02,-4.163814344558464803e-02,2.962630602726671128e-02,-4.787991581100904670e-02,-8.501351242066515490e-02,6.587841468834747163e-04,-5.044947588235439151e-02,-5.940470668875301452e-02,-3.495040307876219610e-02
2.346443111831956162e-03,-4.864466396699325401e-02,6.181910001509208913e-02,-2.051990365888555629e-02,-3.634519488861948089e-02,-1.366385557320059542e-02,6.517561621085508905e-02,-4.703794534753257678e-02,-3.643363938799214913e-02,4.692886223663912323e-03
-7.551020180907201673e-02,-5.013648241880547599e-03,6.598417678168431999e-02,-4.002163268833999060e-02,-1.855937212852259294e-02,4.990794632069905229e-02,-4.488800073617986094e-03,3.389214139036394319e-02,9.135987168692757954e-02,-1.510204036181440335e-01
6.101970795430765489e-03,4.763283710908480101e-02,-1.623712937711656312e-02,5.441405380124909874e-02,-9.089913916761971704e-03,-7.989849077191050683e-03,-7.513977575587270363e-02,-2.550356532952908085e-03,-1.256946864674076542e-02,1.220394159086153098e-02
9.460191374325059577e-02,4.081692874363047722e-03,4.106841854959563526e-02,2.592779456271766467e-02,1.202456727865011329e-02,-3.139492895962533569e-03,-6.314656406786693654e-02,3.692572686758770900e-02,-2.716434663926560814e-02,1.892038274865011915e-01
-2.204126773259982349e-03,1.451952133637711938e-02,-9.313369417457561736e-03,1.302711117146673585e-02,-8.944219928077468823e-03,-5.285285381963784196e-03,-2.747750122650866739e-02,-6.089050090036151469e-02,-1.330333447174320873e-02,-4.408253546519964698e-03
2.592683009202033026e-02,-3.800085040709016287e-02,-2.628315285688580943e-02,7.274292275601622337e-02,-5.119368225089689778e-02,-2.061183333603116424e-02,5.543813072095983563e-02,4.985173568621120536e-03,2.603687105009642316e-02,5.185366018404066052e-02
-1.958328278485174309e-02,-2.028789452744915803e-02,-2.696117199953500243e-02,3.297846325814149382e-02,1.837410317236309529e-03,-2.915228645786579684e-02,-3.201964634367999996e-02,6.311422869871099323e-03,5.641266973992887027e-03,-3.916656556970348618e-02
-2.778616674227251532e-02,-3.918574139016146873e-02,6.735123627828057749e-03,-1.928360813298850285e-02,1.548683228125598624e-03,-1.939723333038164505e-04,3.400209915598818161e-02,1.912395879259591938e-02,-3.256757510050264232e-02,-5.557233348454503064e-02
-1.245553219284186580e-02,4.408616016349067857e-02,6.720122184874306737e-02,-7.211478927689592144e-02,4.659855494058248726e-02,-5.634723565491046859e-02,-5.786457543838373352e-02,-4.553688841960099737e-02,-1.249577319449870008e-02,-2.491106438568373160e-02
-7.421626341889136537e-03,5.691914136679567665e-02,-4.214595920945234803e-02,6.317332928626850485e-04,-1.459074578466408589e-02,1.090690766465446729e-02,1.127165646722507429e-02,4.920649794163959451e-03,3.536001384074620446e-02,-1.484325268377827307e-02
-1.327059278400541387e-02,-2.557639458396107277e-02,-5.107861918708247323e-02,-5.281433312300184979e-02,8.368711231762717556e-03,-2.610393176604837787e-02,6.078786857687608347e-02,-3.106189163902100051e-02,-3.294621080870245577e-02,-2.654118556801082773e-02
-8.508828927840566062e-03,-8.457140130337706049e-03,6.596553173932902248e-02,2.409115344488938165e-04,5.293806759724547888e-03,2.489005717157951811e-02,-3.704939442461854891e-03,6.913869962771142762e-03,-6.862404744366147613e-02,-1.701765785568113212e-02
9.203282610900861277e-03,-5.300961296429406583e-02,2.261591652227392182e-02,3.135588289397558959e-02,3.435842674133240699e-03,-1.275924292734237700e-02,-2.244252083691870153e-02,3.574809415307320104e-02,3.286628776626933368e-02,1.840656522180172255e-02
2.701328616240222108e-02,4.689260184133827759e-03,-5.132844407383535014e-03,-5.957778211674903679e-02,5.224819630171513400e-03,-3.395478833386075118e-02,1.814008134768673591e-02,-9.645392614400857476e-03,4.363027473896583658e-02,5.402657232480444216e-02
2.906846393114296406e-02,-1.568312279633971851e-01,-8.575739269347277746e-03,-3.532702618395498068e-02,-8.606424292278987143e-02,1.894160050068931234e-02,-3.194735040526885256e-02,1.796618150896642230e-02,-5.598894029204195578e-03,5.813692786228592813e-02
7.415705597758097400e-02,1.445818218777679062e-02,-2.538843832073542361e-02,-1.188135635021750694e-02,3.594041811443165341e-02,3.006413051819219195e-02,3.111865606148632446e-02,8.151087032234737018e-03,-3.956665085324421842e-03,1.483141119551619480e-01
-2.583628054603431118e-02,-8.864943743263466527e-03,2.076670577554765376e-02,1.299111653675373741e-02,3.122518649381056388e-02,3.447485788956985292e-02,7.991645623914096774e-02,-3.696330748502421777e-04,-2.159577369765524821e-02,-5.167256109206862236e-02
2.767250719307303222e-02,-5.235884557792400834e-02,-5.679852865168830145e-02,5.360379180643433383e-02,-9.846269608631502343e-03,-4.708879158229430095e-02,2.199341412159522627e-02,-8.119328879564614854e-02,1.799015274100565151e-02,5.534501438614606444e-02
-2.624877896743847694e-02,-2.233329674409021900e-02,6.927080566032625675e-02,7.048995475951169709e-03,3.269026479815827224e-02,4.690954027742441634e-02,3.394146507773822957e-02,-2.916135970272226360e-02,4.549546196242647278e-02,-5.249755793487695388e-02
5.355331593583027155e-02,-6.439463630917043740e-03,3.299985197841937001e-02,1.021447244141656802e-01,6.115424301240780791e-02,6.580322014941498120e-03,1.067574383444497288e-02,-1.813820505585808651e-02,-5.129258062449012362e-02,1.071066318716605431e-01
1.562966811483668941e-03,-2.507025972165316877e-02,2.120162728682243800e-02,1.531977817429276169e-02,-2.420018470525282100e-02,-7.317548386632259649e-02,9.701197992053142705e-03,-7.270614445562643968e-03,-2.507847640249531371e-02,3.125933622967337882e-03
4.863957696677507353e-02,-6.118929688665223493e-02,-1.497714943512721067e-02,3.566216529884329300e-02,-2.122836024091446366e-02,-4.074035290017488653e-02,1.141898681165410268e-01,-1.735709603947885316e-02,-6.646552799039011361e-02,9.727915393355014706e-02
2.826927837877581812e-02,5.406484996009956051e-02,-7.473720923231577662e-02,-1.355185175638681620e-02,2.905329288130943308e-02,-6.579564248696651019e-02,7.823657055347836911e-03,-1.758477071578837259e-02,3.003182820056573415e-02,5.653855675755163623e-02
-1.586860953033846292e-02,-4.215883033204837621e-02,-1.038241946377376490e-01,-9.697851687673494925e-02,7.592508068363200066e-03,5.780480121262811591e-03,-3.898027852629837916e-03,-2.062765934115139144e-02,4.047442056267176042e-02,-3.173721906067692583e-02
3.814794232525798353e-03,3.640358761661947884e-02,7.666392382875547584e-02,3.933135521451435607e-02,2.048116451557769040e-03,-3.923416414364834515e-02,4.404311288870926128e-02,3.569971457208109388e-03,-7.590109999971829391e-02,7.629588465051596706e-03
-4.344557956333130501e-03,4.205621699523256346e-02,-4.396818049256701749e-02,-4.866706666021133887e-02,5.360286631158462517e-02,-2.562672658580280802e-02,-2.689103335711327120e-02,2.033383539765385231e-02,-1.736262203202664292e-02,-8.689115912666261002e-03
3.324835625499059089e-02,1.734468066649218904e-02,-4.327383101433240897e-02,-1.811444668839410493e-02,-3.012535946886005581e-02,2.137536896402910530e-02,3.833265262033339754e-02,-8.111011861030772291e-03,-4.280784235706548008e-02,6.649671250998118177e-02
-8.548735879835317464e-03,2.020265175711898065e-02,-8.099236743708984609e-02,3.455787993152444060e-02,-1.133950930843719007e-02,-5.861259385511509608e-03,-1.546151585973565973e-02,3.366124314750190694e-02,4.613793463031730380e-02,-1.709747175967063493e-02
-7.348696211623062524e-02,5.748499342547160572e-03,-9.174492912868516042e-04,1.265764049596152137e-02,-4.368775957318166148e-02,1.196848835461376999e-02,4.416892124063358932e-02,3.738812280017696915e-02,-2.053181663110903790e-02,-1.469739242324612505e-01
6.217002710125855286e-02,8.808480672321032656e-03,4.826007229663425296e-02,1.102274639343848485e-02,-1.848178319580604315e-02,4.241975919407971890e-02,-1.046677261732320043e-02,-3.910363963871775830e-03,3.798433872941215338e-03,1.243400542025171057e-01
3.759657257936493274e-02,1.114785604697239446e-01,1.656267355328968835e-02,-2.129956288264089198e-02,4.485389732407186331e-02,-2.055370145728110595e-02,-2.121190861467501729e-02,2.722841563874348406e-02,-2.593632969031967744e-02,7.519314515872986548e-02
-8.932973805219734942e-03,1.733476687142511755e-02,-6.246280391927942072e-02,1.656278971879803288e-02,1.965623946846205977e-02,-3.008398560384932183e-02,-4.178568140056780622e-02,-2.582697791436069576e-02,-2.218846194296036564e-02,-1.786594761043946988e-02
3.561793002304926292e-02,-1.118989487776313619e-03,1.139835230355189417e-02,4.420505814752026530e-02,3.246248780850260335e-02,1.329342336365799994e-02,3.484846113591648364e-02,4.302843541851219394e-02,7.895249508079406342e-02,7.123586004609852584e-02
-5.199588053577089419e-02,1.485298359899659727e-02,1.807720411506688954e-02,3.962696379752371489e-02,3.319543359068772431e-02,8.090882965274075189e-02,2.883964941799943560e-02,-4.355324278328272930e-02,3.077500361042316643e-03,-1.039917610715417884e-01
9.062635862739538972e-03,-5.949773503191087970e-04,-1.584764235981409031e-02,2.655077293551998466e-02,-6.540980538790626408e-02,-5.627114369692577667e-02,1.819245485794409103e-02,-3.062008943039888631e-02,-1.415759518129412753e-02,1.812527172547907794e-02
-4.663567998233123651e-02,-2.938718542768642764e-02,-2.003288496274475278e-03,8.395808241096958113e-02,3.945048929160502489e-03,-3.477330036387137752e-02,8.218842938321670177e-02,-1.486344580163416126e-02,-6.427749029185490792e-02,-9.327135996466247303e-02
-2.726876312859908766e-02,5.978493801309919115e-03,-1.143224610428585433e-02,-5.411720534054752924e-02,1.231471611746682952e-02,-2.642886719131615561e-02,1.657013362609206092e-02,-7.042670348021298765e-02,-2.385669529699053701e-02,-5.453752625719817532e-02
3.473983757972364493e-03,-5.934807516893660963e-03,1.062956521334006491e-02,-8.766144867492138906e-03,-6.058168296181209306e-02,-4.521557912753653569e-02,-2.813893350324460363e-02,-6.329906740519225528e-02,6.852493918478162749e-02,6.947967515944728986e-03
1.840280345584199839e-02,-1.099142193263589889e-01,5.291660440902375834e-02,-3.816703902232713736e-03,-3.390237722076786756e-03,-2.871438602376434786e-03,1.800923607070178956e-02,1.681610904250357280e-02,5.165848808805690445e-02,3.680560691168399678e-02
-3.972467440128533978e-02,-2.014501915688153913e-02,-2.134375504134409726e-02,5.455274124453696194e-02,-3.569220274619856054e-02,1.671996035104347453e-02,5.072406688613879250e-02,2.873648955742225813e-02,-3.152888288570942360e-02,-7.944934880257067955e-02
1.919623329039204379e-02,-3.584322758019178878e-02,-7.051803322606118619e-03,4.596136782749790650e-02,7.890497158458853466e-02,-6.233398945012435383e-02,-6.273644785867739902e-03,-5.858429978498494971e-03,-4.909492633411868118e-02,3.839246658078408758e-02
1.306216674443628004e-02,-3.082670379008804404e-02,-1.691987790924761800e-02,3.757702516734885007e-02,1.378013128033183689e-02,1.719848825837465289e-02,-2.714643694531253953e-02,7.806927735995800033e-02,6.798474297892349340e-03,2.612433348887256007e-02
-8.785508213391045318e-03,-1.447819939955944692e-02,-2.421087508151225504e-02,3.405742472575570140e-02,-8.557172870617564195e-03,-1.788196728568987315e-02,-1.062420225273752461e-02,2.881732662491372568e-02,1.802077845095457001e-02,-1.757101642678209064e-02
4.774386621099057856e-03,2.479829086053754461e-02,-8.013047320001370766e-02,7.883079566977008179e-02,3.885740138660227772e-02,-2.310294462031157667e-02,9.204924537650546745e-02,-1.700441894697694162e-02,7.654681239365555140e-03,9.548773242198115713e-03
-2.951737646420684452e-02,-7.513039731466132631e-02,4.539352389434651858e-02,-4.188830113120360632e-02,-1.120977146840060161e-02,-1.388626407296612505e-02,-5.315417000736349235e-02,-5.308004969247837219e-03,-1.054855811914240556e-02,-5.903475292841368904e-02
2.431100708388040516e-02,1.687330073684472839e-02,5.310293937995579777e-02,6.807078208720764023e-02,-7.497048784891759132e-02,-4.358044318620960282e-04,4.058601946161210366e-02,-1.198359445522944461e-02,-2.965671566149606989e-02,4.862201416776081031e-02
5.910717810809896361e-02,-5.107374251901371232e-02,-3.333864560830261323e-03,3.916113688873222066e-03,3.305022958344833867e-02,7.033737811079891766e-02,5.405068344580826398e-03,2.715721094185469253e-02,6.838456236319456760e-02,1.182143562161979272e-01
2.151140976291648216e-02,-4.706027608198664822e-03,-1.155881120139208296e-01,1.595809032894873747e-02,2.280268512316945689e-02,-6.172306334761734625e-03,-1.246384990667395026e-02,-2.006597982576900641e-02,-5.961750444561900175e-02,4.302281952583296432e-02
-2.245648172560277961e-02,-4.764884541122372391e-02,-1.386448651029974569e-02,-2.255854576975521372e-02,-4.027444172199563799e-02,-5.742641503125985036e-02,6.472788379046344812e-03,4.790025233592392490e-02,6.407247950377974177e-02,-4.491296345120555922e-02
-7.221178145576633012e-02,-6.841621709102367610e-02,3.541419746706570698e-02,2.823618356586853409e-02,2.673648385590275678e-03,6.077137897448981613e-02,-3.253704113311393226e-02,4.821687370794516814e-02,9.533042973548028903e-03,-1.444235629115326602e-01
1.673249733007807147e-02,-5.279652861499092853e-02,3.054916833505088442e-02,-4.319699665906258368e-02,-2.894155752763306888e-02,1.580321603448186021e-02,-2.006159908614159326e-02,-3.009103746450735029e-02,8.752071816307563368e-02,3.346499466015614294e-02
8.962660274497515067e-02,1.650661615981404221e-02,1.530780627564533834e-02,-6.524501517671840722e-02,-2.819986195386194744e-02,-2.660122810440658514e-02,-9.162554321538977919e-02,2.470503027845487656e-02,-4.049674722876105137e-02,1.792532054899503013e-01
-4.827672576580674391e-02,2.566497006019644034e-02,-4.830340166703812887e-03,-4.016208806091462954e-03,-1.712546622721196690e-02,2.059909530098039121e-02,-1.601693753866100314e-02,-4.916565409158676903e-03,8.113088570191592797e-02,-9.655345153161348781e-02
4.484840076610892290e-02,-1.778778728310055623e-02,-7.712972791332341205e-02,-7.863833075401107861e-03,3.055939499936353998e-02,-2.318203984488599947e-02,-7.904975674581392331e-03,6.316759007531079495e-02,-2.990400224431608370e-02,8.969680153221784580e-02
3.471594024364856208e-03,-4.802916714823716321e-02,-1.678556828493883712e-02,4.881099086226457079e-02,5.048244662825548262e-02,7.181242151768482684e-02,1.827532325598886162e-02,-7.610185414702262327e-03,2.281963846911765764e-02,6.943188048729712417e-03
3.858732284130319407e-02,-4.307277450237338387e-04,1.409971579946262508e-02,1.103586006646846591e-02,4.639187352533859915e-02,-4.393661778096873832e-02,7.969353374917198529e-02,-2.504282289425852352e-04,5.862787645415830536e-03,7.717464568260638813e-02
-7.198072927767487639e-02,-1.123329852245040159e-02,-9.100982204325943833e-03,-1.656595757216759029e-02,-2.932779092858486814e-02,-2.404068486705551039e-02,2.039444725428319477e-02,-1.912721141864580712e-02,-2.611500194508764583e-02,-1.439614585553497528e-01
-4.880090995090376887e-02,5.877072501882379951e-02,-3.779792785052797643e-03,-2.572613514175215929e-02,-2.318693726934374297e-02,4.130973821629443238e-02,1.346718547558230401e-02,1.835165119054731064e-02,-2.265411793809462768e-02,-9.760181990180753775e-02
3.183839465653713618e-02,-4.060862071650035710e-02,-3.527484829231007646e-02,4.449902458364182745e-02,-1.578202703405818391e-02,-2.683960278571444116e-03,-1.512858367059275767e-02,6.485846507965969954e-02,-1.962362954029205422e-02,6.367678931307427237e-02
1.760925431503583202e-02,-2.426356065681253837e-02,-2.969929864055923657e-02,-2.684666612126053800e-02,-2.348223246241138915e-02,2.498579421438731213e-02,-6.290275089622372751e-02,-2.915730234954227312e-02,-1.943136307468805446e-02,3.521850863007166405e-02
3.527363101316799421e-02,-1.010128935058605959e-02,-4.164038707249864690e-03,-8.745817104404031775e-03,2.154804608554599862e-02,-3.585156785783073785e-02,1.770711613912092849e-02,-5.502070462344348101e-02,-5.945087597781223421e-02,7.054726202633598842e-02
-3.864700892556279660e-02,-9.455476419586789777e-03,-4.791880443203262729e-02,1.515287505316042019e-02,-3.488543507621000295e-02,2.711790307931740557e-02,-4.650211556389680784e-02,4.087624996954812746e-03,-8.211391480779420271e-02,-7.729401785112559320e-02
6.563056186422151772e-02,3.228437175955453653e-02,-1.455792059002940925e-02,-2.699147716577777328e-02,-2.153335125153769611e-02,-6.164591923466382004e-03,-7.948584341696642019e-02,4.987396814752034779e-02,-4.480445236234369827e-02,1.312611237284430354e-01
-2.008795194768001058e-03,-4.938238859994244223e-02,1.594605926129173679e-02,2.324310565654645958e-02,-8.615079271884805434e-02,-4.620227248477899035e-02,6.137376105698429812e-02,-7.155577212967305367e-02,1.590134292631077001e-02,-4.017590389536002116e-03
-1.489299445919266794e-02,-1.276107332969746676e-02,-1.797645195256061118e-02,-7.251907884832803353e-02,3.518983060179052547e-03,6.519377027250976460e-03,-1.394004160392492767e-02,-3.170637832288886269e-03,2.312604616683290593e-02,-2.978598891838533588e-02
-2.793549714422978794e-02,5.782040617767954249e-02,2.943581811536459189e-02,-4.090792533927267022e-02,-1.416894323765068714e-02,-1.884576087748917814e-02,-2.885277984940290245e-03,5.476750103205317577e-02,-2.124248366649949399e-02,-5.587099428845957588e-02
4.592169881081605357e-03,-5.850662956009738264e-02,-3.050834127232754031e-02,3.131292196467302252e-02,2.658269080638736223e-02,-1.962682458371117419e-02,3.622435839509629413e-02,-2.155434018381520433e-02,6.724226879346942298e-03,9.184339762163210713e-03
2.453869269847603046e-03,1.952925402029232274e-02,4.025066320207296156e-02,-4.504382171805568214e-02,-6.058129172569030191e-02,5.310041387902288829e-02,-6.832891738105147106e-02,-6.776898732155085814e-02,-6.866971080812225847e-02,4.907738539695206091e-03
-2.621982494019924753e-02,-8.869036920842848434e-03,2.164326185207631967e-02,-2.861675533199822818e-02,1.866099160787846462e-02,2.385014659169856777e-02,-2.490714896473392864e-02,-4.498213038036535244e-02,-2.467378284679186407e-02,-5.243964988039849506e-02
-3.025957825630972223e-02,4.069560346350679925e-02,4.672687739877177948e-02,-4.294577606776588119e-02,8.509090747179245962e-03,-2.668343358808684257e-02,3.917239692542608641e-03,-8.013338351555564665e-04,-2.349814300509733833e-02,-6.051915651261944445e-02
-8.934162789952789863e-04,-3.879540728370623609e-02,1.113598699133988706e-01,2.563983306950997146e-02,3.506163816207225059e-02,5.927175809966995362e-02,-1.717143372528198361e-03,-1.605460116817552033e-02,6.506037376327675203e-02,-1.786832557990557973e-03
6.486308213592344163e-02,-2.091541682902880311e-02,3.195470565129729379e-02,-1.809607271534553058e-02,2.095611881663655626e-02,-4.706028781072368883e-02,-1.102406006654488638e-02,7.201086860842059734e-02,-9.273191213917246489e-02,1.297261642718468833e-01
-4.036570234858091050e-02,-5.560050027074096846e-03,-6.455194773912018014e-02,6.197266131909136971e-02,-6.812010178133923177e-02,1.554495271929142060e-02,-3.078150435391143261e-02,-3.597444956881769990e-02,-2.646858687518319556e-02,-8.073140469716182099e-02
-6.668334845404162714e-02,9.305248559989527657e-02,-3.477133149449900679e-02,-7.860286365011147358e-02,1.456685507828246219e-02,1.326779697280664264e-02,-6.435374410503488796e-02,2.249355782658565492e-02,-1.677327308467287809e-02,-1.333666969080832543e-01
-4.644137439389524336e-02,8.196065439371213665e-03,-8.405009546287980958e-04,-1.173068985673965392e-02,5.656477739344307164e-04,1.455008248420065244e-02,-4.238711510550713726e-03,1.263174799636784286e-02,-4.706147892463417859e-02,-9.288274878779048671e-02
-3.984847352134886223e-02,1.423020674523861780e-02,-1.418273776861086848e-02,-1.948766575962144684e-02,-4.094148325960747688e-03,-1.811635188324290172e-02,-5.587313356765169492e-02,1.879077304033582169e-02,3.285392732019008083e-02,-7.969694704269772445e-02
2.474269544120997685e-02,-9.437166864558990675e-03,1.032846061867616176e-02,3.184449358691333800e-03,-1.556455948281439301e-02,-4.796740780554380190e-02,3.118248380025615690e-02,-3.956062147172434429e-02,3.346289766623925660e-02,4.948539088241995371e-02
5.037291102591695546e-02,-1.928579785818308398e-02,7.766656529720846434e-03,1.441669127562947295e-02,-5.554097724874485983e-03,-6.749450331715173279e-03,-7.125720918857629191e-03,-1.166367561874009050e-02,-3.844894394130213278e-02,1.007458220518339109e-01
-8.958123527706970263e-03,4.659228012047063501e-03,1.784494622643758091e-02,3.021855925812642549e-02,4.134799979765867162e-03,-2.339880488008832041e-02,1.677049751748273558e-03,3.002051495962325400e-02,-2.132223933481814174e-02,-1.791624705541394053e-02
5.977196523357754948e-02,1.356945543089781332e-02,4.889068115528294456e-02,-5.137469085417477321e-02,2.481963463120692714e-02,1.353249822866640396e-02,3.116978830865427610e-02,-2.093210833900646314e-02,-2.069018464003784946e-02,1.195439304671550990e-01
7.214425708445695862e-02,1.967666637926716519e-02,-2.153129225863084899e-03,2.334472472338985916e-02,3.185271464004219705e-02,-3.124800597882324005e-02,5.882330407600075070e-03,-3.996987076718185733e-02,-2.880224978984941356e-02,1.442885141689139172e-01
1.960367148152388286e-02,4.371129828170802062e-02,-2.539520692631431348e-02,-9.144287133961561537e-03,4.635092612481252899e-02,-2.502628915175883137e-02,3.281021038333148399e-02,3.357841407643834264e-02,3.297336455141953310e-02,3.920734296304776573e-02
4.884276151645824959e-02,7.085046754917040390e-02,5.277923618973763553e-02,-4.565691254981581182e-02,1.809685443868784896e-02,6.502295250339491794e-02,1.268124445722347039e-02,-3.384677192436687243e-02,-3.653336840574616246e-02,9.768552303291649919e-02
-6.082246122975284303e-02,-1.365548070893803437e-02,1.689077436099651122e-02,1.597295214093603921e-02,-5.326714470327960360e-02,-4.489560544108471031e-03,-3.097528812879115582e-03,-3.975959591575976143e-02,-8.074953272697277251e-03,-1.216449224595056861e-01
-1.180585019154096332e-02,3.582705669118392555e-02,3.458945183289999920e-02,9.674244826992276988e-03,4.962827469963974891e-02,-3.909501389666942411e-02,1.280947376863368105e-02,-8.236818545599832592e-03,-3.176024059579529712e-02,-2.361170038308192665e-02
-2.684252312874839397e-02,-1.821385811444060226e-02,1.562854478670171882e-02,2.158072117408981958e-02,-5.525009819111361201e-03,4.976647945097371212e-02,-1.508271180749251594e-02,-8.530255595974100408e-03,2.855967045536717680e-02,-5.368504625749678794e-02
-1.138896951574191324e-02,2.496350229229096773e-02,-3.766385721142460202e-02,1.877308258165816951e-02,6.104202558692213565e-03,-9.612739898520607229e-03,5.543930099291751595e-02,-2.501969050004154357e-02,-6.108609111115788533e-03,-2.277793903148382648e-02
-4.886462024376336810e-02,-2.729937546852343258e-02,2.190917449132355563e-03,5.275730394225656983e-02,7.782801653567495911e-03,-5.836998094193402570e-02,5.192148363621224005e-03,3.154541381024120184e-02,2.348939875783195871e-05,-9.772924048752673620e-02
5.750672491167051203e-02,-1.464751665750034168e-02,2.856017117272212358e-02,1.535416013296087012e-02,3.277890126797807641e-02,-3.341740779433921560e-02,1.901363551347543326e-02,1.701977232433941542e-02,-5.482931069655614525e-04,1.150134498233410241e-01
4.458070319354569960e-02,-1.888870720357922403e-02,3.088857584163913830e-02,-2.177783428798537799e-02,-2.665225132632665153e-02,6.265529608314836241e-02,8.785606487143471019e-03,-1.111403771426809975e-02,-6.368648135189249049e-02,8.916140638709139921e-02
8.960103283868012941e-03,9.150337659496363130e-02,1.316961439921394104e-02,-1.864738375433940129e-03,-7.602851250270733705e-03,3.196322837227015545e-02,-3.654876103842409543e-03,3.411069870514583935e-02,-2.620195492902491555e-02,1.792020656773602588e-02
1.331981650675372747e-02,8.072406809084019252e-02,3.763991530933426255e-02,-3.871823541313473144e-02,1.250501234144853029e-02,-1.436193921132065954e-02,-3.439157178243209406e-02,1.456720321286016084e-02,-1.771248915458982151e-02,2.663963301350745494e-02
6.884407229336153740e-03,4.579979368927855621e-02,-3.004241579384432995e-02,2.218205521530202187e-02,1.846704969721224901e-02,-5.707272325844574843e-04,-4.532571882871808816e-02,2.692178130786752541e-02,8.292479071653062125e-03,1.376881445867230748e-02
1.426150111055819215e-02,-5.777895450454376136e-02,2.183757711612789587e-02,3.917756295437020003e-03,-4.072574339765384216e-02,2.806491419888913069e-02,-4.968324347412800962e-02,-4.024802145155657179e-02,4.818352187585615148e-03,2.852300222111638431e-02
4.074453067260784545e-02,2.324061951188650596e-02,1.276197247829331978e-02,-3.958415217200299263e-02,4.119248341389503132e-02,2.753953610914662217e-02,-1.668810673761864788e-02,5.680519973053548693e-02,-1.272730737618006126e-02,8.148906134521569089e-02
7.069051275295193566e-03,-2.106758044339222813e-02,-3.575772316868117834e-02,-3.245305307174737447e-02,8.639240554059563273e-03,1.669048421193505133e-02,6.231794123129202889e-02,-1.778311836547315228e-02,1.478339731821834771e-02,1.413810255059038713e-02
3.008269214838728625e-02,1.713742070460802167e-02,-6.249061067596617391e-02,1.046895030306939410e-03,1.219222216211499413e-02,5.747030335542665895e-03,2.873289574950037891e-03,5.583386441340598000e-02,-6.262018115310868764e-03,6.016538429677457250e-02
3.651871110523714076e-02,-8.850197789359677547e-02,4.563991778321399573e-02,-2.375598736193753474e-02,2.165174667321461896e-02,7.749520035965738740e-02,-1.003878864388637812e-02,-5.551594434990372862e-02,-6.120938838580888136e-02,7.303742221047428151e-02
9.804026678750012158e-02,-2.236248190487961571e-02,-5.091420601125040517e-03,-4.502971367658271939e-02,1.754002837078172741e-02,7.797142033092763214e-02,-7.481460951801391715e-03,-6.487264547970668371e-02,3.438786557097373020e-02,1.960805335750002432e-01
4.205524028488543536e-02,-5.496955598191533010e-02,2.293634745553187887e-02,3.400052329144698932e-02,-2.607470959294120802e-02,-1.815177973474122256e-02,2.920060807138952219e-02,-1.545345535937647612e-02,5.249059952532261764e-02,8.411048056977087073e-02
1.155587963132032048e-03,8.455086906931962368e-03,-5.257372285415098413e-03,1.127636277515024418e-02,6.946192469107715685e-03,4.220468107799978108e-02,-1.809698139751557064e-02,8.071562722238261392e-03,5.427994139602544676e-02,2.311175926264064096e-03
2.765298774332049236e-02,3.234856591613213123e-02,-6.567036575282726024e-03,3.840100239117712980e-03,-3.362304919637227902e-03,4.180069843575734412e-02,3.107625421629546525e-03,3.331461186798530955e-02,-3.535895027635542476e-02,5.530597548664098473e-02
-3.928944068230471459e-02,1.910036640658963059e-02,6.530773041510808119e-02,-2.831126172471944147e-02,-4.301666482117324358e-03,2.982982000263631819e-02,-3.275753609940944971e-02,-3.004128522616692637e-02,1.562630572402631465e-02,-7.857888136460942918e-02
1.260356694465537657e-02,4.099732480376640231e-02,-5.218612052207046575e-02,-1.067176203555684653e-03,4.763912823360986343e-02,2.205164409158185887e-02,-2.840537557729061122e-02,8.906046417528819259e-02,9.513639121724047631e-02,2.520713388931075313e-02
4.910744343566039727e-02,4.015885511684763598e-02,-1.007919824712530388e-02,2.825879518834037082e-02,-1.597516726974438153e-02,3.717471118506019551e-02,-5.422580573036055868e-02,5.294323956090082883e-02,-6.106919028056610049e-02,9.821488687132079454e-02
-6.014208464593415876e-03,-6.924076505414290816e-02,5.095581208835904541e-02,-2.770796172381175676e-02,4.646274066045200102e-02,4.522699373164003334e-02,3.400120759877230114e-02,-3.048047194683142780e-02,9.939716872702443473e-02,-1.202841692918683175e-02
-3.191706897695107542e-02,-5.676977966868722303e-02,-4.310252806214086296e-02,3.474473075555389867e-02,3.181556858716566571e-02,-5.485006007185243282e-02,5.132246973877777063e-02,-4.393490381030619452e-02,1.260195415744829427e-02,-6.383413795390215084e-02
-9.507746462517473185e-02,-1.349157004272345459e-02,1.030468177092268116e-02,-6.647286296258303473e-02,-6.817330977102939449e-02,6.329703796485988687e-02,3.002523838498001585e-02,-8.502578229063270307e-03,9.134681078504470683e-03,-1.901549292503494637e-01
1.205871724823932281e-03,-2.302897413659800094e-02,5.182818912772413356e-02,5.001519542765089227e-02,1.624990795360675006e-02,-7.783018346164358517e-03,-5.301377829822935539e-02,3.621075173021819082e-02,1.384796629222594111e-02,2.411743449647864562e-03
6.855993837621280826e-03,-4.162727305691499985e-02,1.604294467223014997e-02,-2.776611270850376512e-02,7.307619362230050215e-03,3.195709231303327322e-03,7.526592395223111187e-02,1.008164680012651332e-02,4.836519363969443014e-02,1.371198767524256165e-02
-2.134219891259846874e-02,1.390555047913233193e-02,1.477656975347291929e-02,4.646213693480918949e-02,2.723687234230324702e-02,-7.903345884689676540e-03,-1.146493278549721127e-02,1.122048079372305399e-02,-7.396463601217272144e-02,-4.268439782519693748e-02
-3.715882072680024711e-02,-4.849012610746375983e-03,1.711797311086272772e-03,7.761247892331527010e-02,9.960979180140344669e-02,2.158483544261664139e-02,2.687959386890088551e-02,1.200318264851048949e-01,7.740968861828026459e-02,-7.431764145360049423e-02
-3.654267442993999054e-02,4.519839151710006858e-02,1.477886992011851960e-02,4.073864899808903040e-02,4.924030139517027171e-02,1.676444067848424169e-03,1.423589846468393573e-02,3.342566620876701727e-02,-2.923690799082954636e-02,-7.308534885987998109e-02
-5.922066866235250332e-02,-2.414497909848047075e-02,-3.278055247188434856e-02,-4.683497266053483071e-03,-2.602365512827222588e-02,9.296444082236314521e-02,-3.782130299584784972e-02,3.113481632128283286e-02,4.252090128527059865e-02,-1.184413373247050066e-01
-3.302023955502833563e-02,-4.680292347845096436e-03,2.947219043700243998e-03,3.822236960532165301e-02,-7.321645472587480323e-03,4.855328272115087135e-02,-5.612529976362570783e-02,-6.124322676873469873e-02,-2.360963749289970298e-02,-6.604047911005667126e-02
-1.292303877381888351e-02,-4.819506406491654775e-04,4.914931075716459132e-03,2.129932974315427996e-02,-2.626153012293024752e-02,3.171275924462536866e-02,3.905931831827045425e-02,-6.066031179701456694e-02,2.179760717026140229e-02,-2.584607754763776702e-02
7.913788676626704044e-02,-9.752126342292685365e-03,-2.453770956292558592e-02,-2.724474791020009209e-02,3.757144297940089028e-02,2.407826159055599657e-02,-5.263009175761191108e-03,-2.808204311160424765e-02,3.824063935886407029e-02,1.582757735325340809e-01
2.540205507276510968e-02,4.716648067141265138e-03,-1.592659757877913597e-03,-6.181437269623910567e-03,5.735173657229781369e-02,3.230680958105456614e-03,-1.797553694467422802e-02,-2.352819881989001716e-02,7.855683308868842418e-02,5.080411014553021937e-02
-3.230670192546641114e-03,-3.686433384794101775e-03,2.951717179687334859e-03,2.443143365668674211e-02,-3.312158631463252983e-02,-5.552019516716687891e-02,-2.836887822579802626e-02,2.254788670183793201e-03,-2.302131838116109469e-02,-6.461340385093282228e-03
3.578876024153645162e-03,-6.613945087323117901e-03,2.803275060954005943e-02,3.940571827702037122e-02,1.329509085412425642e-02,1.372218539688428544e-02,1.893754812774272114e-02,-1.196874416802278136e-02,2.901170176302643282e-03,7.157752048307290324e-03
4.238809026820297005e-02,7.027297983895657019e-02,1.261588495968698174e-02,1.770186268161569668e-02,7.309311196500022090e-02,-2.333803142926213492e-02,-2.177604685584521964e-03,1.987803685581975011e-02,2.150117576547264098e-02,8.477618053640594009e-02
-1.661805964601459351e-02,-1.308029740220805794e-02,4.380914026269941593e-03,4.819331766933968725e-02,7.635568366490629207e-03,1.144588386824742232e-02,-1.369234183014321135e-02,-6.730347858363791569e-02,-1.340070571192258364e-01,-3.323611929202918702e-02
4.222362500766563970e-02,-3.139114605338606812e-02,4.769114245981836281e-02,-1.837324624918691349e-02,-8.670830134102816555e-02,-1.068643993768007838e-02,-3.479026565168928664e-02,9.499515264162212980e-03,5.035099690161561059e-02,8.444725001533127939e-02
1.795062792111023695e-02,5.708591619232485787e-02,3.147153060881774378e-02,9.041205507495445048e-03,-2.164953285216551435e-02,1.225665312031625070e-01,-9.949885761879891100e-03,-2.316793642220099300e-02,-8.985076569235948829e-02,3.590125584222047389e-02
3.437938171097009257e-04,5.708143532283560528e-02,2.813798248196344720e-02,-6.909955400498588030e-02,6.922741946578228611e-02,-4.279557620948373081e-02,-2.819443389789684853e-02,-1.782432911788801866e-02,6.966743616470144618e-02,6.875876342194018514e-04
8.554342792688192365e-02,4.498294662577675962e-02,6.694521369918401965e-02,-5.153132030673231861e-02,8.939765639634322629e-04,3.128967817340319851e-03,-3.847735875573007197e-02,-2.038814260811699919e-02,1.168664928776198680e-01,1.710868558537638473e-01
1.335107059476122772e-02,2.150554016166475110e-02,-1.734223805322326548e-02,-2.196607133193995490e-02,-4.974642808698837709e-02,-4.056099145713570886e-02,-1.658878726551351115e-02,4.484187567813224806e-02,2.364176107565511831e-02,2.670214118952245544e-02
1.400874828628743095e-02,9.850721029191422066e-04,-3.149027998571867545e-03,-5.462192775328082728e-02,-5.639560408969161026e-02,-4.184340502853448052e-02,3.722864169290487912e-02,-2.502531609824512268e-02,3.447611666110961953e-02,2.801749657257486190e-02
-4.881733618030477060e-06,3.086565019453865397e-02,2.971276547522740466e-02,1.185362363332400498e-02,-3.125591484237568492e-03,5.423266559984724761e-02,3.536787328959583449e-02,-5.282982866941317648e-03,6.072498413326855859e-02,-9.763467236060954121e-06
3.072819565841761538e-03,-3.870525721172314582e-02,2.130460239614887299e-02,-2.806397312102192759e-02,3.465495116611568005e-02,4.280153386154325612e-02,5.102123886647228802e-03,-2.100929252824987326e-02,2.575732854307508091e-02,6.145639131683523076e-03
1.136677903805713152e-01,-5.188126724963408251e-03,-3.663433928372784171e-02,3.839629401942925430e-02,4.202073692678703898e-02,-3.641876654034706395e-02,-3.965665470916868163e-02,4.114927429247577234e-02,-1.362218264460697027e-02,2.273355807611426305e-01
-3.398934790833987862e-02,2.076239682040336917e-02,-7.176754143496900940e-02,-1.019484186941840148e-02,4.431367339365960972e-03,1.238896339421393690e-02,1.672743341843094256e-02,-1.647989440803411185e-02,-2.185250231560041320e-02,-6.797869581667975725e-02
-1.521223143759187386e-02,-1.182940073701077306e-03,1.792919609796041897e-02,-8.133852228524408173e-03,3.321319959004868927e-02,5.560392233246700972e-04,-1.658079792342944531e-03,-3.219256484368780008e-02,-3.119148896880627811e-02,-3.042446287518374773e-02
2.522399154306500732e-02,-9.457322686311371573e-02,1.310388591503920327e-02,-7.495711360060058545e-03,-1.947286250495820770e-02,-3.591714795397197429e-02,-6.965900550908067992e-03,3.686386628803931670e-02,1.171858629133473370e-02,5.044798308613001464e-02
-8.273312048311103062e-02,-2.570284076179739710e-02,-6.705050266434837980e-02,2.411236296285968177e-03,-4.993876627102409455e-02,8.667706448637522987e-02,2.597268491717268698e-03,1.200155698693844072e-02,-9.150960824021694973e-02,-1.654662409662220612e-01
1.783989669380805360e-02,-1.909708729400115892e-02,-5.600498674536376169e-03,8.571952558022299246e-03,-1.684046554400984302e-02,-3.017064054133682810e-02,-1.779781145448227145e-02,1.062602445311976868e-02,-9.004120726753364959e-03,3.567979338761610719e-02
-3.837867618895316607e-02,-4.745747793198421688e-02,-1.674551110151192845e-02,1.943522252234469467e-03,4.273064357922147505e-02,6.292095417832094251e-02,6.166408357501632770e-02,-1.205619601687444795e-02,-8.485978801029477048e-03,-7.675735237790633214e-02
1.672015339497436720e-02,8.577428706645574830e-02,1.775256387420721602e-02,3.041556215341272018e-02,1.969253090407394741e-02,-7.418615051413182671e-02,9.330286979403032768e-03,-3.621841558886501611e-02,1.879286293326614538e-02,3.344030678994873440e-02
1.189306307007171638e-02,1.411597046975296074e-02,-3.280198023826663006e-02,3.270932575867698672e-02,3.287996012286047154e-02,2.063501887949533570e-02,4.279103674659196638e-02,3.012263595559408133e-02,2.186083431176094258e-02,2.378612614014343277e-02
1.468298233105958320e-02,-2.572050336590193595e-02,-1.869898695841630196e-02,-5.471817177445404551e-02,-4.681200540703241673e-03,3.555453960855059492e-02,-2.578844308148277309e-02,-2.982454843851525816e-02,3.735329695069644629e-02,2.936596466211916640e-02
-6.701946625332845520e-02,3.381688808284885519e-03,-2.024353127693400214e-02,-6.760165059235802298e-03,-1.354925839144781839e-02,6.864146150474374763e-02,1.123771842962008501e-02,-4.639160861569974897e-02,4.721916741760626840e-02,-1.340389325066569104e-01
-3.069798919176499555e-03,-2.917222002311993870e-02,-3.367425963089780427e-02,7.039553568555471930e-02,-1.892673574065621006e-02,8.796872982904782373e-04,-2.182443950224874016e-02,-5.925860934515801703e-02,-5.526346032224861704e-02,-6.139597838352999111e-03
-3.663873009834401739e-03,3.677633254238869137e-02,-4.516282528112356733e-03,2.780571881909738724e-02,3.270738861454449472e-03,2.480603630274049246e-02,-6.513157713888598210e-02,8.278045096255391699e-02,2.465364992728776364e-02,-7.327746019668803477e-03
-2.153262120598744070e-02,-3.315405253863122625e-02,1.040678709746709063e-01,4.606085225964799690e-02,-4.297026565412953580e-02,-6.686555546335400113e-02,8.883586506720261844e-03,1.520830780007883555e-02,1.772989663740356589e-02,-4.306524241197488140e-02
4.309487264689796857e-03,-5.167466352607950897e-02,-9.813616152957881436e-03,-7.285178082324070270e-02,-3.024782717199018742e-02,-2.238715538065366370e-02,-2.695719872638292075e-02,-3.868484040068836255e-02,5.338130875743474918e-02,8.618974529379593713e-03
7.932552187939068133e-02,1.562255793202951652e-02,-5.964738111285793759e-02,4.690562974444905525e-02,2.521516874587477822e-02,2.964929154479841941e-02,-2.682376235869216030e-02,-4.654397566773758356e-03,-8.016766194777254911e-03,1.586510437587813627e-01
5.136894947937097750e-02,-1.768702842895655131e-02,-3.726888809476369691e-02,4.737382297766655134e-03,4.720724652234191063e-03,-6.136784957018942555e-03,8.427512107025145541e-03,3.925047412174413608e-02,5.605319297722752801e-03,1.027378989587419550e-01
1.121070259159926211e-02,-5.941246265149251887e-02,4.334884208805930839e-02,-1.284812423571637073e-02,-6.636729837521379571e-02,-3.165198691415569039e-03,1.175265941325192090e-02,-4.774300707803911387e-02,1.041340796916701977e-01,2.242140518319852421e-02
5.711442763564399117e-02,-8.202726890609116084e-02,3.947674742491445038e-02,-1.819176758173774930e-02,-2.491452111724049706e-02,2.921138910197072086e-02,3.552479291290355865e-03,3.831641188170973461e-02,-3.949598963130113854e-02,1.142288552712879823e-01
5.098020004355087453e-02,-4.760518184537579356e-02,7.365080748820797274e-02,3.597247071834745735e-02,5.407128265238338866e-02,-3.142842972188197425e-03,-1.222703626623580613e-02,-5.693384394875801446e-03,-1.096133985293680363e-01,1.019604000871017491e-01
-7.315979262056535558e-03,-1.261439961760217783e-02,3.348232262312333951e-02,2.370099035721930439e-02,-1.247930319715890093e-02,-3.369136721705454085e-02,4.845974313399460318e-03,-2.060547038392488220e-02,2.165548812088201325e-02,-1.463195852411307112e-02
6.618961579678631080e-02,5.954111536337745175e-02,-3.561883433020702691e-03,-1.929597542671328617e-02,9.159392861100979074e-04,3.394855614172201386e-02,2.730110619129432620e-02,2.972552968974283283e-02,3.174940543131667126e-02,1.323792315935726216e-01
-7.121662809711238121e-03,-1.022607025503404453e-02,-5.214140992680969117e-02,1.163983242269405784e-02,3.019411803424177070e-03,-7.325043074317244551e-02,-5.495206430729137996e-03,-1.611739171942027510e-02,-1.273753216943264606e-02,-1.424332561942247624e-02
7.693663636988908039e-02,-6.140036482890832287e-02,6.177497524535197071e-02,-4.622047611164754877e-02,2.002623492649392364e-02,5.043818688143947293e-02,-5.611300095300665591e-02,-1.604527515268604904e-02,9.195002425122687784e-02,1.538732727397781608e-01
-7.424449549897442317e-03,-3.016329820704765144e-02,1.172797646369202335e-02,6.175607891982424179e-03,4.662217591875799511e-02,9.805833668582576365e-03,2.732921909566927293e-02,-5.561879369765460740e-02,3.111378414047496349e-02,-1.484889909979488463e-02
4.229311183337768065e-03,1.324862438618666649e-02,2.672995812650297287e-02,-7.907915911339674642e-02,-1.132146700483722089e-02,4.821643989500661726e-02,1.548696738381816727e-02,-6.334066397462656713e-03,6.260096365730216661e-02,8.458622366675536131e-03
3.838257866055720061e-03,-4.671469138583993902e-02,-2.758294076794500990e-02,1.708245589845126464e-02,6.622358328263812897e-03,8.981937069691626335e-03,2.335142105058537337e-02,-5.184331376910902150e-02,7.284776037037491532e-04,7.676515732111440123e-03
-4.041954714403760834e-02,-1.568378197647880140e-02,-3.881776101765491149e-02,5.146986404891060445e-04,4.576274058781412690e-02,-4.978663911150333493e-02,-2.591299764885129225e-03,1.658531269901529492e-02,-6.944813700015872726e-02,-8.083909428807521669e-02
-2.048321406551806972e-02,5.143133050788910310e-02,2.544139235461999327e-02,-7.223897680012478228e-02,2.336103559638340321e-02,1.798027298358100684e-02,-3.044607618851267322e-02,-6.130247190950579260e-03,-2.495140863279412050e-02,-4.096642813103613945e-02
-1.787818420500233638e-03,-6.460990908133215117e-03,2.508687773951602182e-02,-7.244924023582108297e-02,-1.047284046705187870e-02,2.556261627352595170e-02,-1.924506725888138620e-02,1.127720952561572267e-02,9.536293820906802110e-02,-3.575636841000467275e-03
9.609876973914388554e-02,-1.037935122192306693e-02,4.037649036918973533e-02,-5.129718557855503236e-02,2.533254038236067152e-02,8.238419929594868740e-02,1.416149434687216484e-02,6.068465681617025292e-02,-1.584879130175862036e-03,1.921975394782877711e-01
-4.039987157721838286e-03,2.134950746190096907e-02,6.397210351442883525e-02,-7.651998914900552673e-02,6.760234178222310555e-03,-1.448532304838812471e-02,-1.879188961877784059e-02,-5.561651205770115625e-02,5.016762786622717268e-02,-8.079974315443676572e-03
3.751923046499281572e-02,-1.951727418761288815e-02,3.255083507170340729e-02,-6.437787930508825918e-02,7.124684253855025073e-02,2.608217560176204555e-02,-6.116356000903627743e-03,5.681509359243457763e-02,6.799471195253367801e-03,7.503846092998563144e-02
-6.458698601500713343e-02,-7.665901381062999002e-03,-1.185556489498823009e-02,-1.453536044855187163e-02,3.795801841862662951e-02,-3.560267901016037073e-02,-2.155614514144717914e-02,7.339873197220581069e-02,2.674344112308914626e-02,-1.291739720300142669e-01
-8.454266140620370074e-02,5.929983879568431759e-02,3.266341548408390610e-02,-1.333378628018410013e-02,-3.222563116423834972e-02,1.552890893767144669e-02,6.023159061410187504e-02,-1.311869794048719021e-02,-6.299339737295449673e-03,-1.690853228124074015e-01
-3.782519312580356896e-02,-8.651227627700983080e-02,1.694697148143937612e-02,3.878332667999524058e-02,-2.817968966770304992e-02,-1.127200143312317715e-01,2.831449056093957029e-02,-4.745724448177077864e-02,2.267071010967901257e-02,-7.565038625160713792e-02
1.503705954367444940e-02,-2.139348250618523795e-02,2.933655850289262207e-02,-1.578106484687864797e-02,1.944569780015088442e-02,-1.351311675209642890e-02,-9.766130430419729669e-02,4.775599816770652317e-02,-4.132190224756959740e-02,3.007411908734889880e-02
-9.993407661565277978e-04,4.341230756694111625e-02,-1.404550493939482267e-02,2.134324379639929246e-03,-2.077409660177791453e-02,-2.037211390160117985e-02,-1.475621897490696222e-02,8.421521382114255383e-02,-1.099097969787339313e-01,-1.998681532313055596e-03
-2.920904212475498862e-02,-5.635084085827337264e-04,-1.749271514117174339e-02,-3.570599559071540446e-02,4.710361460890737789e-02,-6.371406916559338440e-02,3.251320425612120452e-02,-5.753503866241779091e-02,4.853146172702774153e-02,-5.841808424950997725e-02
-3.356448186146185342e-02,1.615585809294340508e-02,-6.159076421381938504e-02,3.023854084103663048e-02,4.684977103067207438e-02,6.269352409411924065e-02,1.312540669485631924e-02,2.600553912274318827e-02,-3.102763472694589769e-02,-6.712896372292370684e-02
4.512597908869017682e-02,4.553139131005087305e-03,5.361961017253435297e-02,-1.862103374621549776e-02,6.983623108532018009e-02,2.071415407288609498e-02,7.144418261542936910e-02,5.571297533597270764e-03,1.875843127318173667e-02,9.025195817738035364e-02
-2.042175234151605290e-02,-3.798601375622796122e-02,4.521268132937501100e-02,2.277517872788034983e-02,-3.614126224633653489e-02,4.715004870163575640e-02,3.009478835542163389e-02,-7.981360855244970173e-03,3.459277238499459950e-03,-4.084350468303210580e-02
9.228077026092949831e-02,3.122058128793534903e-03,-1.963437539541175794e-02,-1.753217851179940390e-02,-1.449124345368541476e-02,-5.210912399210541890e-02,-1.929561193424341597e-02,1.790126847659334955e-02,2.977612614623539530e-02,1.845615405218589966e-01
-1.384411856794501294e-02,-5.442632478994589851e-02,-1.918614981478096101e-02,2.952391359384866007e-02,-1.522995547720936566e-02,-8.898916907540554977e-02,1.008911867695980701e-02,2.893141135323403293e-02,3.123864989189557503e-02,-2.768823713589002589e-02
3.079297103261477778e-02,1.072510813622862547e-01,-4.513655677467541538e-02,2.545864327175066666e-02,2.114212946180607164e-02,-4.093120327805779488e-03,-3.872908009317972688e-02,1.141829675921569691e-02,-2.824004675608466491e-02,6.158594206522955555e-02
5.434601237575355931e-02,-1.254174700394898589e-02,2.265119416607693295e-02,1.382066006768532460e-02,-1.208839293538182744e-02,-6.594697321563024184e-02,3.735663968465037510e-02,-3.354676064918756667e-02,4.145935065513875473e-03,1.086920247515071186e-01
2.648095535461620492e-02,-1.869563010481428006e-02,2.349890371690248336e-02,-7.292025634502116369e-03,8.636262785199263700e-03,1.249693713253449689e-02,-3.513233173512451263e-02,-5.459140054769861389e-02,-3.103612726479273651e-02,5.296191070923240984e-02
1.942140910949190918e-02,4.961790620436247294e-03,-2.088736512004805632e-02,-1.177573257789607010e-02,4.264017786345990907e-02,-2.937465714874205880e-02,-5.003229713022401548e-02,2.604117480456168490e-02,-1.092799443185174801e-01,3.884281821898381837e-02
-5.315151508215583930e-03,1.785616112474236114e-02,2.291579354077815864e-02,5.276745970761883425e-03,2.103424566272911467e-02,-8.272997945387354155e-03,-2.407132989661205438e-02,-4.380410806939571966e-02,3.105595402459863236e-02,-1.063030301643116786e-02
3.361955538674953753e-02,-4.283708787651373251e-02,-9.852270959743386972e-03,2.494917912808199134e-02,1.216813048481139685e-02,4.685463101441426220e-02,-2.897638150407101654e-02,-5.017007033040916768e-03,2.083620994182993486e-02,6.723911077349907506e-02
-9.949849181027391187e-02,-8.444115500582485834e-02,8.176847462317063386e-02,2.932884380246259144e-03,1.046899454508139378e-02,1.451131954629977100e-02,-2.330352226724181214e-02,3.083163582771071727e-03,8.636796045496941687e-02,-1.989969836205478237e-01
-7.118209048598866939e-02,3.315626301025318551e-02,3.860124910945300636e-02,-2.509883776366964394e-04,-2.659658108947602143e-02,-1.041010506408831908e-02,4.833561120059009716e-03,-1.372229161242641271e-02,-4.519233253156672292e-02,-1.423641809719773388e-01
8.457642143921822184e-04,-4.414012906013946302e-03,-2.748228425985510537e-02,-7.295408566254824902e-03,2.772276720028784419e-02,5.186637257550555553e-03,-7.293647405361983020e-03,-8.968001865901195982e-03,1.238501163744130801e-01,1.691528428784364437e-03
-7.170395840003118693e-03,-3.363566102728648196e-03,8.645113011453601365e-03,3.944525821987115294e-02,-1.103410811391299928e-01,2.871740298791411461e-02,1.738229341539007308e-02,-1.391506872259477140e-02,-4.547901964898513200e-02,-1.434079168000623739e-02
